"","roundate","Ring","RFID","datetime.y","temperature","firstbreak1","firstbreak2","firstbreak3","lastbreak1","lastbreak2","lastbreak3","t1","t2","v1","v2","avg.v","acc","section2","section3","section4","length1","length2","tunnel","species","age","Sex","Date","Place","Site","Wing","Wt","Init","Tarsus","day","hour","air.temp","headwind","humidity","mistnet","cgt_day","cgt_hour","headwind2","v1.air","v2.air","avg.v.air","acc.air"
"1",2023-02-22 11:50:00,"ATR5147","3B0018DAC6",2023-02-22 11:53:27,12.3,1161088,1162817,1162907,1162744,1162826,1162920,82,94,3.17073170731707,3.19148936170213,3.18181818181818,0.235882436193799,73,81,163,2.85365853658537,4.14893617021277,"B","bluti","5","M","13/10/2022  14:29:59","WYT","ROUGH ",63,11.2,"AER",19.5,22,11,7.238166667,-1.05074717,83.79222222,"caught",0,"am1",-1.05074717,4.22147887731707,4.24223653170213,4.23256535181818,0.235882436193859
"2",2023-02-22 11:50:00,"ATR5147","3B0018DAC6",2023-02-22 11:52:31,12.3,1104656,1106097,1106184,1106008,1106105,1106195,97,90,2.68041237113402,3.33333333333333,2.99465240641711,6.98311189517982,89,79,176,2.14432989690722,3.66666666666667,"B","bluti","5","M","13/10/2022  14:29:59","WYT","ROUGH ",63,11.2,"AER",19.5,22,11,7.238166667,-1.05074717,83.79222222,"caught",0,"am1",-1.05074717,3.73115954113402,4.38408050333333,4.04539957641711,6.98311189517978
"3",2023-02-22 11:50:00,"ATR5147","3B0018DAC6",2023-02-22 11:51:19,12,1032753,1034466,1034554,1034397,1034478,1034568,81,90,3.20987654320988,3.33333333333333,3.27485380116959,1.44393906577143,69,76,157,3.85185185185185,4.66666666666667,"B","bluti","5","M","13/10/2022  14:29:59","WYT","ROUGH ",63,11.2,"AER",19.5,22,11,7.238166667,-1.05074717,83.79222222,"caught",0,"am1",-1.05074717,4.26062371320988,4.38408050333333,4.32560097116959,1.44393906577134
"4",2023-02-22 12:00:00,"ATR5147","3B0018DAC6",2023-02-22 12:02:22,13,1695069,1696481,1696565,1696399,1696494,1696577,95,83,2.73684210526316,3.6144578313253,3.14606741573034,9.86085085463082,82,71,166,3.55789473684211,4.33734939759036,"B","bluti","5","M","13/10/2022  14:29:59","WYT","ROUGH ",63,11.2,"AER",19.5,22,12,7.317583333,-0.994413585,83.08277778,"caught",0,"pm1",-0.994413585,3.73125569026316,4.6088714163253,4.14048100073034,9.86085085463078
"5",2023-02-22 12:00:00,"ATR5147","3B0018DAC6",2023-02-22 11:59:33,12.8,1526252,1527844,1527937,1527753,1527859,1527949,106,90,2.45283018867925,3.33333333333333,2.85714285714286,8.98472596585804,91,78,184,3.67924528301887,4,"B","bluti","5","M","13/10/2022  14:29:59","WYT","ROUGH ",63,11.2,"AER",19.5,22,11,7.317583333,-0.994413585,83.08277778,"caught",0,"am1",-0.994413585,3.44724377367925,4.32774691833333,3.85155644214286,8.98472596585796
"6",2023-02-22 12:00:00,"ATR5147","3B0018DAC6",2023-02-22 11:58:17,12.8,1450203,1451738,1451854,1451630,1451747,1451899,117,152,2.22222222222222,1.97368421052632,2.0817843866171,-1.84786625796213,108,107,224,2,8.88157894736842,"B","bluti","5","M","13/10/2022  14:29:59","WYT","ROUGH ",63,11.2,"AER",19.5,22,11,7.317583333,-0.994413585,83.08277778,"caught",0,"am1",-0.994413585,3.21663580722222,2.96809779552632,3.0761979716171,-1.84786625796208
"7",2023-02-22 12:00:00,"ATR5147","3B0018DAC6",2023-02-22 11:56:35,12.5,1348033,1350127,1350215,1350037,1350140,1350230,103,90,2.52427184466019,3.33333333333333,2.90155440414508,8.38405687744186,90,75,178,3.28155339805825,5,"B","bluti","5","M","13/10/2022  14:29:59","WYT","ROUGH ",63,11.2,"AER",19.5,22,11,7.317583333,-0.994413585,83.08277778,"caught",0,"am1",-0.994413585,3.51868542966019,4.32774691833333,3.89596798914508,8.38405687744186
"8",2023-02-22 12:00:00,"ATR5147","3B0018DAC6",2023-02-22 12:02:32,13,1704821,1706838,1706929,1706754,1706852,1706942,98,90,2.6530612244898,3.33333333333333,2.97872340425532,7.23693732812274,84,77,175,3.71428571428571,4.33333333333333,"B","bluti","5","M","13/10/2022  14:29:59","WYT","ROUGH ",63,11.2,"AER",19.5,22,12,7.317583333,-0.994413585,83.08277778,"caught",0,"pm1",-0.994413585,3.6474748094898,4.32774691833333,3.97313698925532,7.23693732812265
"9",2023-02-22 12:10:00,"ATR8825","01103FB3A6",2023-02-22 12:14:34,13.5,2426438,2427443,2427554,2427359,2427470,2427580,111,110,2.34234234234234,2.72727272727273,2.53393665158371,3.4835328952976,84,84,195,6.32432432432432,7.09090909090909,"B","bluti","5","F","22/02/2023 09:00","WYT","ELDER ",61,10.8,"KMH",18.6,22,12,7.397,-0.93808,82.37333333,"caught",0,"pm1",-0.93808,3.28042234234234,3.66535272727273,3.47201665158371,3.48353289529765
"10",2023-02-22 12:10:00,"ATR8825","01103FB3A6",2023-02-22 12:05:24,13,1877531,1878940,1879044,1878835,1878957,1879067,122,110,2.13114754098361,2.72727272727273,2.41379310344828,5.13901022663035,105,87,209,3.62295081967213,6.27272727272727,"B","bluti","5","F","22/02/2023 09:00","WYT","ELDER ",61,10.8,"KMH",18.6,22,12,7.397,-0.93808,82.37333333,"caught",0,"pm1",-0.93808,3.06922754098361,3.66535272727273,3.35187310344828,5.13901022663035
"11",2023-02-22 12:30:00,"AJY3812","3B00186F83",2023-02-22 12:27:09,13.5,3181244,3183276,3183382,3183171,3183293,3183396,122,103,2.13114754098361,2.9126213592233,2.48888888888889,6.94643393990839,105,89,211,3.62295081967213,4.07766990291262,"B","bluti","5","M","22/02/2023 10:19","WYT","ELDER ",66,10.7,"MB",19.4,22,12,7.555833333,-0.825412829,80.95444444,"caught",0,"pm1",-0.825412829,2.95656036998361,3.7380341882233,3.31430171788889,6.94643393990836
"12",2023-02-22 12:30:00,"ATR8825","01103FB3A6",2023-02-22 12:34:26,13.5,3617887,3619013,3619130,3618925,3619033,3619149,108,116,2.40740740740741,2.58620689655172,2.5,1.59642401021711,88,97,205,4.81481481481481,4.91379310344828,"B","bluti","5","F","22/02/2023 09:00","WYT","ELDER ",61,10.8,"KMH",18.6,22,12,7.555833333,-0.825412829,80.95444444,"caught",0,"pm1",-0.825412829,3.23282023640741,3.41161972555172,3.325412829,1.59642401021705
"13",2023-02-22 12:30:00,"AJY3812","3B00186F83",2023-02-22 12:28:01,13.5,3233340,3236308,3236415,3236203,3236326,3236432,123,106,2.11382113821138,2.83018867924528,2.44541484716157,6.25648507453189,105,89,212,3.80487804878049,4.81132075471698,"B","bluti","5","M","22/02/2023 10:19","WYT","ELDER ",66,10.7,"MB",19.4,22,12,7.555833333,-0.825412829,80.95444444,"caught",0,"pm1",-0.825412829,2.93923396721138,3.65560150824528,3.27082767616157,6.25648507453188
"14",2023-02-22 12:30:00,"ATR8825","01103FB3A6",2023-02-22 12:32:19,13.5,3490413,3491770,3491877,3491688,3491784,3491892,96,108,2.70833333333333,2.77777777777778,2.74509803921569,0.680827886710237,82,93,189,3.79166666666667,4.16666666666667,"B","bluti","5","F","22/02/2023 09:00","WYT","ELDER ",61,10.8,"KMH",18.6,22,12,7.555833333,-0.825412829,80.95444444,"caught",0,"pm1",-0.825412829,3.53374616233333,3.60319060677778,3.57051086821569,0.680827886710294
"15",2023-02-22 12:30:00,"ATR5147","3B0018DAC6",2023-02-22 12:32:42,13.5,3514235,3515750,3515846,3515677,3515764,3515857,87,93,2.98850574712644,3.2258064516129,3.11111111111111,2.63667449429407,73,82,169,4.18390804597701,3.54838709677419,"B","bluti","5","M","13/10/2022  14:29:59","WYT","ROUGH ",63,11.2,"AER",19.5,22,12,7.555833333,-0.825412829,80.95444444,"caught",0,"pm1",-0.825412829,3.81391857612644,4.0512192806129,3.93652394011111,2.636674494294
"16",2023-02-22 12:30:00,"AJY3812","3B00186F83",2023-02-22 12:29:48,13.5,3339750,3342515,3342621,3342414,3342531,3342636,117,105,2.22222222222222,2.85714285714286,2.52252252252252,5.72000572000572,101,90,207,3.55555555555556,4.28571428571429,"B","bluti","5","M","22/02/2023 10:19","WYT","ELDER ",66,10.7,"MB",19.4,22,12,7.555833333,-0.825412829,80.95444444,"caught",0,"pm1",-0.825412829,3.04763505122222,3.68255568614286,3.34793535152252,5.72000572000576
"17",2023-02-22 12:30:00,"ATR8819","01103FAE81",2023-02-22 12:31:04,13.5,3416146,3417844,3417953,3417760,3417863,3417964,103,101,2.52427184466019,2.97029702970297,2.74509803921569,4.37279593179192,84,90,193,4.79611650485437,3.26732673267327,"B","bluti","5","F","22/02/2023 09:20","WYT","ELDER ",60,10.5,"MB",18.6,22,12,7.555833333,-0.825412829,80.95444444,"caught",0,"pm1",-0.825412829,3.34968467366019,3.79570985870297,3.57051086821569,4.37279593179196
"18",2023-02-22 12:30:00,"ATR8825","01103FB3A6",2023-02-22 12:31:19,13.5,3430850,3432163,3432281,3432057,3432179,3432297,122,118,2.13114754098361,2.54237288135593,2.33333333333333,3.42687783643604,106,102,224,3.40983606557377,4.06779661016949,"B","bluti","5","F","22/02/2023 09:00","WYT","ELDER ",61,10.8,"KMH",18.6,22,12,7.555833333,-0.825412829,80.95444444,"caught",0,"pm1",-0.825412829,2.95656036998361,3.36778571035593,3.15874616233333,3.426877836436
"19",2023-02-22 12:40:00,"ATR5147","3B0018DAC6",2023-02-22 12:44:24,13.5,4215650,4217885,4217975,4217799,4217900,4217990,101,90,2.57425742574257,3.33333333333333,2.93193717277487,7.94843882293989,86,75,176,3.86138613861386,5,"B","bluti","5","M","13/10/2022  14:29:59","WYT","ROUGH ",63,11.2,"AER",19.5,22,12,7.63525,-0.769079244,80.245,"caught",0,"pm1",-0.769079244,3.34333666974257,4.10241257733333,3.70101641677487,7.9484388229399
"20",2023-02-22 12:50:00,"ATR5147","3B0018DAC6",2023-02-22 12:48:45,13.5,4476123,4478533,4478620,4478443,4478546,4478635,103,89,2.52427184466019,3.37078651685393,2.91666666666667,8.81786116868477,90,74,177,3.28155339805825,5.0561797752809,"B","bluti","5","M","13/10/2022  14:29:59","WYT","ROUGH ",63,11.2,"AER",19.5,22,12,7.714666667,-0.712745659,79.53555556,"caught",0,"pm1",-0.712745659,3.23701750366019,4.08353217585393,3.62941232566667,8.8178611686848
"21",2023-02-22 12:50:00,"ATR8825","01103FB3A6",2023-02-22 12:48:42,13.5,4472840,4474500,4474625,4474379,4474517,4474637,138,120,1.88405797101449,2.5,2.17054263565891,4.77474441074037,121,108,246,3.20289855072464,3,"B","bluti","5","F","22/02/2023 09:00","WYT","ELDER ",61,10.8,"KMH",18.6,22,12,7.714666667,-0.712745659,79.53555556,"caught",0,"pm1",-0.712745659,2.59680363001449,3.212745659,2.88328829465891,4.77474441074039
"22",2023-02-22 12:50:00,"ATR8825","01103FB3A6",2023-02-22 12:47:13,13.5,4383956,4384841,4384962,4384750,4384862,4384972,112,110,2.32142857142857,2.72727272727273,2.52252252252252,3.65625365625365,91,100,212,4.875,2.72727272727273,"B","bluti","5","F","22/02/2023 09:00","WYT","ELDER ",61,10.8,"KMH",18.6,22,12,7.714666667,-0.712745659,79.53555556,"caught",0,"pm1",-0.712745659,3.03417423042857,3.44001838627273,3.23526818152252,3.6562536562537
"23",2023-02-22 13:10:00,"ATR8825","01103FB3A6",2023-02-22 13:12:05,13.5,5875072,5877478,5877582,5877367,5877498,5877598,131,100,1.98473282442748,3,2.42424242424242,8.79019199629887,111,84,215,3.96946564885496,4.8,"B","bluti","5","F","22/02/2023 09:00","WYT","ELDER ",61,10.8,"KMH",18.6,22,13,7.8735,-0.600078489,78.11666667,"caught",0,"pm1",-0.600078489,2.58481131342748,3.600078489,3.02432091324242,8.79019199629887
"24",2023-02-22 13:10:00,"ATR7361","3B00182E75",2023-02-22 13:14:49,13.5,6039372,6041022,6041127,6040937,6041028,6041140,91,112,2.85714285714286,2.67857142857143,2.75862068965517,-1.75932441942294,85,99,190,1.71428571428571,3.48214285714286,"B","bluti","6","F","22/02/2023 09:00","WYT","ELDER ",61,10.8,"KMH",19.3,22,13,7.8735,-0.600078489,78.11666667,"caught",0,"pm1",-0.600078489,3.45722134614286,3.27864991757143,3.35869917865517,-1.75932441942295
"25",2023-02-22 13:10:00,"ATR8825","01103FB3A6",2023-02-22 13:11:14,13.5,5824294,5825260,5825374,5825145,5825280,5825390,135,110,1.92592592592593,2.72727272727273,2.28571428571429,6.54160654160654,115,94,229,3.85185185185185,4.36363636363636,"B","bluti","5","F","22/02/2023 09:00","WYT","ELDER ",61,10.8,"KMH",18.6,22,13,7.8735,-0.600078489,78.11666667,"caught",0,"pm1",-0.600078489,2.52600441492593,3.32735121627273,2.88579277471429,6.54160654160653
"26",2023-02-22 13:20:00,"ATR5147","3B0018DAC6",2023-02-22 13:24:13,13.5,6602335,6609491,6609574,6609408,6609504,6609590,96,86,2.70833333333333,3.48837209302326,3.07692307692308,8.57185450208706,83,70,166,3.52083333333333,5.58139534883721,"B","bluti","5","M","13/10/2022  14:29:59","WYT","ROUGH ",63,11.2,"AER",19.5,22,13,7.952916667,-0.543744904,77.40722222,"caught",0,"pm1",-0.543744904,3.25207823733333,4.03211699702326,3.62066798092308,8.57185450208714
"27",2023-02-22 13:30:00,"ATR8825","01103FB3A6",2023-02-22 13:29:56,13.5,6945800,6946925,6947044,6946806,6946959,6947052,153,93,1.69934640522876,3.2258064516129,2.27642276422764,12.4102442795459,119,85,238,5.77777777777778,2.58064516129032,"B","bluti","5","F","22/02/2023 09:00","WYT","ELDER ",61,10.8,"KMH",18.6,22,13,8.032333333,-0.487411319,76.69777778,"caught",0,"pm1",-0.487411319,2.18675772422876,3.7132177706129,2.76383408322764,12.4102442795459
"28",2023-02-22 13:30:00,"AJY3812","3B00186F83",2023-02-22 13:31:00,13.5,7009335,7011084,7011194,7010979,7011102,7011214,123,112,2.11382113821138,2.67857142857143,2.38297872340426,4.80638544987273,105,92,215,3.80487804878049,5.35714285714286,"B","bluti","5","M","22/02/2023 10:19","WYT","ELDER ",66,10.7,"MB",19.4,22,13,8.032333333,-0.487411319,76.69777778,"caught",0,"pm1",-0.487411319,2.60123245721138,3.16598274757143,2.87039004240426,4.80638544987277
"29",2023-02-22 13:30:00,"ATR8825","01103FB3A6",2023-02-22 13:31:35,13.8,7044242,7045203,7045316,7045115,7045219,7045329,104,110,2.5,2.72727272727273,2.61682242990654,2.12404418011894,88,97,201,4,3.54545454545455,"B","bluti","5","F","22/02/2023 09:00","WYT","ELDER ",61,10.8,"KMH",18.6,22,13,8.032333333,-0.487411319,76.69777778,"caught",0,"pm1",-0.487411319,2.987411319,3.21468404627273,3.10423374890654,2.12404418011897
"30",2023-02-22 13:30:00,"ATR8825","01103FB3A6",2023-02-22 13:32:51,13.8,7120547,7121863,7122000,7121760,7121868,7122025,108,157,2.40740740740741,1.91082802547771,2.11320754716981,-3.74776892022415,103,132,240,1.2037037037037,4.77707006369427,"B","bluti","5","F","22/02/2023 09:00","WYT","ELDER ",61,10.8,"KMH",18.6,22,13,8.032333333,-0.487411319,76.69777778,"caught",0,"pm1",-0.487411319,2.89481872640741,2.39823934447771,2.60061886616981,-3.74776892022415
"31",2023-02-22 13:30:00,"AJY3812","3B00186F83",2023-02-22 13:34:58,13.8,7247338,7249692,7249807,7249611,7249708,7249824,97,116,2.68041237113402,2.58620689655172,2.62910798122066,-0.884558446782124,81,99,196,4.28865979381443,4.39655172413793,"B","bluti","5","M","22/02/2023 10:19","WYT","ELDER ",66,10.7,"MB",19.4,22,13,8.032333333,-0.487411319,76.69777778,"caught",0,"pm1",-0.487411319,3.16782369013402,3.07361821555172,3.11651930022066,-0.884558446782157
"32",2023-02-22 13:40:00,"ATR5147","3B0018DAC6",2023-02-22 13:36:21,13.8,7330183,7331444,7331535,7331359,7331457,7331548,98,91,2.6530612244898,3.2967032967033,2.96296296296296,6.81102721919048,85,78,176,3.44897959183673,4.28571428571429,"B","bluti","5","M","13/10/2022  14:29:59","WYT","ROUGH ",63,11.2,"AER",19.5,22,13,8.11175,-0.431077734,75.98833333,"caught",0,"pm1",-0.431077734,3.0841389584898,3.7277810307033,3.39404069696296,6.81102721919047
"33",2023-02-22 13:40:00,"ATR5147","3B0018DAC6",2023-02-22 13:42:15,14,7684060,7686337,7686426,7686253,7686347,7686438,94,91,2.76595744680851,3.2967032967033,3.02702702702703,5.73779297183552,84,79,173,2.76595744680851,3.95604395604396,"B","bluti","5","M","13/10/2022  14:29:59","WYT","ROUGH ",63,11.2,"AER",19.5,22,13,8.11175,-0.431077734,75.98833333,"caught",0,"pm1",-0.431077734,3.19703518080851,3.7277810307033,3.45810476102703,5.73779297183557
"34",2023-02-22 13:40:00,"AJY3812","3B00186F83",2023-02-22 13:43:51,14,7779481,7782665,7782782,7782555,7782683,7782793,128,110,2.03125,2.72727272727273,2.35294117647059,5.84893048128342,110,99,227,3.65625,3,"B","bluti","5","M","22/02/2023 10:19","WYT","ELDER ",66,10.7,"MB",19.4,22,13,8.11175,-0.431077734,75.98833333,"caught",0,"pm1",-0.431077734,2.462327734,3.15835046127273,2.78401891047059,5.84893048128345
"35",2023-02-22 14:00:00,"AJY3812","3B00186F83",2023-02-22 14:03:10,14.5,8937837,8939940,8940048,8939796,8939953,8940069,157,116,1.65605095541401,2.58620689655172,2.05128205128205,6.81432923910411,144,95,252,2.15286624203822,5.43103448275862,"B","bluti","5","M","22/02/2023 10:19","WYT","ELDER ",66,10.7,"MB",19.4,22,14,8.270583333,-0.318410564,74.56944444,"caught",0,"pm1",-0.318410564,1.97446151941401,2.90461746055172,2.36969261528205,6.81432923910411
"36",2023-02-22 14:00:00,"AJY3812","3B00186F83",2023-02-22 14:04:07,14.5,8994646,8996413,8996517,8996335,8996428,8996536,93,108,2.79569892473118,2.77777777777778,2.78606965174129,-0.178319870183137,78,89,182,4.19354838709677,5.27777777777778,"B","bluti","5","M","22/02/2023 10:19","WYT","ELDER ",66,10.7,"MB",19.4,22,14,8.270583333,-0.318410564,74.56944444,"caught",0,"pm1",-0.318410564,3.11410948873118,3.09618834177778,3.10448021574129,-0.178319870183084
"37",2023-02-22 14:10:00,"AJY3812","3B00186F83",2023-02-22 14:06:11,14.5,9119145,9120483,9120587,9120375,9120488,9120603,113,115,2.30088495575221,2.60869565217391,2.45614035087719,2.70009382826053,108,99,212,1.15044247787611,4.17391304347826,"B","bluti","5","M","22/02/2023 10:19","WYT","ELDER ",66,10.7,"MB",19.4,22,14,8.35,-0.262076979,73.86,"caught",0,"pm1",-0.262076979,2.56296193475221,2.87077263117391,2.71821732987719,2.70009382826052
"38",2023-02-22 14:20:00,"ATR8825","01103FB3A6",2023-02-22 14:21:33,14.8,10040162,10041747,10041849,10041660,10041756,10041862,96,106,2.70833333333333,2.83018867924528,2.77227722772277,1.20648857338564,87,93,189,2.4375,3.67924528301887,"B","bluti","5","F","22/02/2023 09:00","WYT","ELDER ",61,10.8,"KMH",18.6,22,14,8.435,0.167780201,72.32,"caught",0,"pm1",0,2.70833333333333,2.83018867924528,2.77227722772277,1.20648857338565
"39",2023-02-22 14:30:00,"ATR8825","01103FB3A6",2023-02-22 14:26:41,14.8,10347937,10350197,10350301,10350111,10350208,10350313,97,105,2.68041237113402,2.85714285714286,2.77227722772277,1.7498067921667,86,93,190,2.94845360824742,3.42857142857143,"B","bluti","5","F","22/02/2023 09:00","WYT","ELDER ",61,10.8,"KMH",18.6,22,14,8.52,0.597637381,70.78,"caught",0,"pm1",0,2.68041237113402,2.85714285714286,2.77227722772277,1.74980679216673
"40",2023-02-22 14:30:00,"ATR8825","01103FB3A6",2023-02-22 14:28:34,14.8,10460550,10461943,10462054,10461825,10461961,10462070,136,109,1.91176470588235,2.75229357798165,2.28571428571429,6.86146018040243,118,93,229,3.44117647058824,4.40366972477064,"B","bluti","5","F","22/02/2023 09:00","WYT","ELDER ",61,10.8,"KMH",18.6,22,14,8.52,0.597637381,70.78,"caught",0,"pm1",0,1.91176470588235,2.75229357798165,2.28571428571429,6.86146018040245
"41",2023-02-22 14:30:00,"ATR8825","01103FB3A6",2023-02-22 14:25:22,14.8,10268924,10269865,10270004,10269794,10269912,10270091,118,179,2.20338983050847,1.67597765363128,1.88552188552189,-3.55159715068815,71,92,210,10.3559322033898,14.5810055865922,"B","bluti","5","F","22/02/2023 09:00","WYT","ELDER ",61,10.8,"KMH",18.6,22,14,8.52,0.597637381,70.78,"caught",0,"pm1",0,2.20338983050847,1.67597765363128,1.88552188552189,-3.55159715068815
"42",2023-02-22 14:40:00,"AJY3812","3B00186F83",2023-02-22 14:44:59,14.3,11444635,11446722,11446819,11446624,11446730,11446829,106,99,2.45283018867925,3.03030303030303,2.73170731707317,5.63388138169547,98,89,195,1.9622641509434,3.03030303030303,"B","bluti","5","M","22/02/2023 10:19","WYT","ELDER ",66,10.7,"MB",19.4,22,14,8.18,1.001603226,70.68,"caught",0,"pm1",0,2.45283018867925,3.03030303030303,2.73170731707317,5.63388138169541
"43",2023-02-22 14:50:00,"ATR5147","3B0018DAC6",2023-02-22 14:53:45,14.5,11970869,11972496,11972583,11972407,11972507,11972594,100,87,2.6,3.44827586206897,2.99465240641711,9.07246911303706,89,76,176,2.86,3.79310344827586,"B","bluti","5","M","13/10/2022  14:29:59","WYT","ROUGH ",63,11.2,"AER",19.5,22,14,8.33,0.754289598,69.05666667,"caught",0,"pm1",0,2.6,3.44827586206897,2.99465240641711,9.07246911303711
"44",2023-02-22 15:10:00,"AJY3812","3B00186F83",2023-02-22 15:13:23,15,13147406,13149277,13149384,13149192,13149298,13149400,106,102,2.45283018867925,2.94117647058824,2.69230769230769,4.69563732604798,85,86,192,5.15094339622642,4.70588235294118,"B","bluti","5","M","22/02/2023 10:19","WYT","ELDER ",66,10.7,"MB",19.4,22,15,8.63,0.259662342,65.81,"caught",0,"pm2",0,2.45283018867925,2.94117647058824,2.69230769230769,4.69563732604798
"45",2023-02-22 15:20:00,"ATR8825","01103FB3A6",2023-02-22 15:18:53,15,13477664,13479265,13479371,13479183,13479292,13479397,109,105,2.38532110091743,2.85714285714286,2.61682242990654,4.40954912360211,82,79,188,6.44036697247706,7.42857142857143,"B","bluti","5","F","22/02/2023 09:00","WYT","ELDER ",61,10.8,"KMH",18.6,22,15,8.57,-0.031498679,66.39,"caught",0,"pm2",-0.031498679,2.41681977991743,2.88864153614286,2.64832110890654,4.40954912360215
"46",2023-02-22 15:20:00,"AJY3812","3B00186F83",2023-02-22 15:18:16,15,13441094,13441270,13441369,13441173,13441276,13441383,103,107,2.52427184466019,2.80373831775701,2.66666666666667,2.6615854580649,97,93,196,1.51456310679612,3.92523364485981,"B","bluti","5","M","22/02/2023 10:19","WYT","ELDER ",66,10.7,"MB",19.4,22,15,8.57,-0.031498679,66.39,"caught",0,"pm2",-0.031498679,2.55577052366019,2.83523699675701,2.69816534566667,2.66158545806495
"47",2023-02-22 15:20:00,"AJY3812","3B00186F83",2023-02-22 15:15:56,15,13300935,13303322,13303427,13303222,13303339,13303441,117,102,2.22222222222222,2.94117647058824,2.55707762557078,6.56579222252067,100,88,205,3.77777777777778,4.11764705882353,"B","bluti","5","M","22/02/2023 10:19","WYT","ELDER ",66,10.7,"MB",19.4,22,15,8.57,-0.031498679,66.39,"caught",0,"pm2",-0.031498679,2.25372090122222,2.97267514958824,2.58857630457078,6.56579222252073
"48",2023-02-22 15:30:00,"ATR8825","01103FB3A6",2023-02-22 15:31:01,14.5,14204625,14205922,14206016,14205834,14205923,14206025,89,102,2.92134831460674,2.94117647058824,2.93193717277487,0.207624669963287,88,93,182,0.292134831460674,2.64705882352941,"B","bluti","5","F","22/02/2023 09:00","WYT","ELDER ",61,10.8,"KMH",18.6,22,15,8.68,-0.075925359,65.44,"caught",0,"pm2",-0.075925359,2.99727367360674,3.01710182958824,3.00786253177487,0.207624669963352
"49",2023-02-22 15:30:00,"ATR8825","01103FB3A6",2023-02-22 15:32:28,14.5,14292450,14293623,14293743,14293532,14293643,14293765,111,122,2.34234234234234,2.45901639344262,2.40343347639485,1.00149400086078,91,100,211,4.68468468468468,5.40983606557377,"B","bluti","5","F","22/02/2023 09:00","WYT","ELDER ",61,10.8,"KMH",18.6,22,15,8.68,-0.075925359,65.44,"caught",0,"pm2",-0.075925359,2.41826770134234,2.53494175244262,2.47935883539485,1.00149400086077
"50",2023-02-22 15:30:00,"ATR5147","3B0018DAC6",2023-02-22 15:34:47,14.5,14431283,14433740,14433827,14433653,14433754,14433842,101,88,2.57425742574257,3.40909090909091,2.96296296296296,8.83421675500884,87,73,174,3.6039603960396,5.11363636363636,"B","bluti","5","M","13/10/2022  14:29:59","WYT","ROUGH ",63,11.2,"AER",19.5,22,15,8.68,-0.075925359,65.44,"caught",0,"pm2",-0.075925359,2.65018278474257,3.48501626809091,3.03888832196296,8.83421675500889
"51",2023-02-22 15:30:00,"ATR5147","3B0018DAC6",2023-02-22 15:33:52,14.5,14375513,14377348,14377435,14377264,14377361,14377449,97,88,2.68041237113402,3.40909090909091,3.02702702702703,7.87760581575015,84,74,171,3.48453608247423,4.77272727272727,"B","bluti","5","M","13/10/2022  14:29:59","WYT","ROUGH ",63,11.2,"AER",19.5,22,15,8.68,-0.075925359,65.44,"caught",0,"pm2",-0.075925359,2.75633773013402,3.48501626809091,3.10295238602703,7.87760581575016
"52",2023-02-22 15:50:00,"ATR5147","3B0018DAC6",2023-02-22 15:48:02,14,15225067,15227803,15227887,15227704,15227807,15227899,103,92,2.52427184466019,3.26086956521739,2.87179487179487,7.55484841597125,99,80,183,1.00970873786408,3.91304347826087,"B","bluti","5","M","13/10/2022  14:29:59","WYT","ROUGH ",63,11.2,"AER",19.5,22,15,7.878,-0.03580303,70.71,"caught",0,"pm2",-0.03580303,2.56007487466019,3.29667259521739,2.90759790179487,7.55484841597128
"53",2023-02-22 15:50:00,"AJY3812","3B00186F83",2023-02-22 15:52:19,13.8,15482153,15484863,15484976,15484763,15484880,15484995,117,115,2.22222222222222,2.60869565217391,2.41379310344828,3.33166749958354,100,96,213,3.77777777777778,4.95652173913044,"B","bluti","5","M","22/02/2023 10:19","WYT","ELDER ",66,10.7,"MB",19.4,22,15,7.878,-0.03580303,70.71,"caught",0,"pm2",-0.03580303,2.25802525222222,2.64449868217391,2.44959613344828,3.33166749958353
"54",2023-02-22 16:10:00,"ATR5147","3B0018DAC6",2023-02-22 16:11:27,13.5,16629283,16631710,16631805,16631623,16631729,16631819,106,90,2.45283018867925,3.33333333333333,2.85714285714286,8.98472596585804,87,76,182,4.66037735849057,4.66666666666667,"B","bluti","5","M","13/10/2022  14:29:59","WYT","ROUGH ",63,11.2,"AER",19.5,22,16,7.427,-0.276392976,71.84,"caught",0,"pm2",-0.276392976,2.72922316467925,3.60972630933333,3.13353583314286,8.98472596585796
"55",2023-02-22 16:10:00,"AJY3812","3B00186F83",2023-02-22 16:07:04,13.5,16366839,16369012,16369124,16368927,16369031,16369182,104,151,2.5,1.98675496688742,2.19607843137255,-4.02545124009869,85,93,197,4.75,11.523178807947,"B","bluti","5","M","22/02/2023 10:19","WYT","ELDER ",66,10.7,"MB",19.4,22,16,7.427,-0.276392976,71.84,"caught",0,"pm2",-0.276392976,2.776392976,2.26314794288742,2.47247140737255,-4.02545124009866
"56",2023-02-22 16:10:00,"ATR5147","3B0018DAC6",2023-02-22 16:08:11,13.5,16433456,16438089,16438176,16437998,16438104,16438199,106,95,2.45283018867925,3.15789473684211,2.78606965174129,7.01556764341154,91,72,178,3.67924528301887,7.26315789473684,"B","bluti","5","M","13/10/2022  14:29:59","WYT","ROUGH ",63,11.2,"AER",19.5,22,16,7.427,-0.276392976,71.84,"caught",0,"pm2",-0.276392976,2.72922316467925,3.43428771284211,3.06246262774129,7.01556764341154
"57",2023-02-22 16:10:00,"AJY3812","3B00186F83",2023-02-22 16:08:21,13.5,16443944,16445728,16445839,16445636,16445742,16445854,106,112,2.45283018867925,2.67857142857143,2.56880733944954,2.07102054946957,92,97,203,3.43396226415094,4.01785714285714,"B","bluti","5","M","22/02/2023 10:19","WYT","ELDER ",66,10.7,"MB",19.4,22,16,7.427,-0.276392976,71.84,"caught",0,"pm2",-0.276392976,2.72922316467925,2.95496440457143,2.84520031544954,2.07102054946954
"58",2023-02-22 16:30:00,"ATR8819","01103FAE81",2023-02-22 16:29:28,13.5,17709692,17711213,17711323,17711117,17711230,17711330,113,100,2.30088495575221,3,2.62910798122066,6.5644605093689,96,93,206,3.91150442477876,2.1,"B","bluti","5","F","22/02/2023 09:20","WYT","ELDER ",60,10.5,"MB",18.6,22,16,7.407,-0.071479395,74.68,"caught",0,"pm2",-0.071479395,2.37236435075221,3.071479395,2.70058737622066,6.56446050936892
"59",2023-02-22 16:40:00,"AJY3812","3B00186F83",2023-02-22 16:42:05,13.3,18466156,18467828,18467938,18467717,18467847,18467958,130,111,2,2.7027027027027,2.32365145228216,5.83155769877761,111,91,221,3.8,5.40540540540541,"B","bluti","5","M","22/02/2023 10:19","WYT","ELDER ",66,10.7,"MB",19.4,22,16,7.325,-0.314398107,76.91,"caught",0,"pm2",-0.314398107,2.314398107,3.0171008097027,2.63804955928216,5.83155769877759
"60",2023-02-22 16:40:00,"AJY3812","3B00186F83",2023-02-22 16:43:03,13.3,18524238,18525718,18525822,18525605,18525731,18525839,126,108,2.06349206349206,2.77777777777778,2.39316239316239,6.1050061050061,113,91,217,2.68253968253968,4.72222222222222,"B","bluti","5","M","22/02/2023 10:19","WYT","ELDER ",66,10.7,"MB",19.4,22,16,7.325,-0.314398107,76.91,"caught",0,"pm2",-0.314398107,2.37789017049206,3.09217588477778,2.70756050016239,6.10500610500615
"61",2023-02-22 16:40:00,"AJY3812","3B00186F83",2023-02-22 16:40:15,13.3,18356278,18358829,18358940,18358752,18358845,18358951,93,106,2.79569892473118,2.83018867924528,2.81407035175879,0.346630698634169,77,95,188,4.47311827956989,3.11320754716981,"B","bluti","5","M","22/02/2023 10:19","WYT","ELDER ",66,10.7,"MB",19.4,22,16,7.325,-0.314398107,76.91,"caught",0,"pm2",-0.314398107,3.11009703173118,3.14458678624528,3.12846845875879,0.346630698634174
"62",2023-02-22 16:50:00,"AJY3812","3B00186F83",2023-02-22 16:54:34,13,19214360,19220039,19220140,19219931,19220056,19220156,125,100,2.08,3,2.48888888888889,8.17777777777778,108,84,209,3.536,4.8,"B","bluti","5","M","22/02/2023 10:19","WYT","ELDER ",66,10.7,"MB",19.4,22,16,7.11,-0.244927515,78.65,"caught",0,"pm2",-0.244927515,2.324927515,3.244927515,2.73381640388889,8.17777777777778
"63",2023-02-22 16:50:00,"ATR5147","3B0018DAC6",2023-02-22 16:53:47,13,19167115,19168959,19169053,19168884,19168974,19169072,90,98,2.88888888888889,3.06122448979592,2.97872340425532,1.83335745645776,75,79,169,4.33333333333333,5.81632653061224,"B","bluti","5","M","13/10/2022  14:29:59","WYT","ROUGH ",63,11.2,"AER",19.5,22,16,7.11,-0.244927515,78.65,"caught",0,"pm2",-0.244927515,3.13381640388889,3.30615200479592,3.22365091925532,1.83335745645776
"64",2023-02-22 16:50:00,"AJY3812","3B00186F83",2023-02-22 16:52:45,13,19105618,19108031,19108141,19107920,19108048,19108158,128,110,2.03125,2.72727272727273,2.35294117647059,5.84893048128342,111,93,221,3.453125,4.63636363636364,"B","bluti","5","M","22/02/2023 10:19","WYT","ELDER ",66,10.7,"MB",19.4,22,16,7.11,-0.244927515,78.65,"caught",0,"pm2",-0.244927515,2.276177515,2.97220024227273,2.59786869147059,5.84893048128345
"65",2023-02-22 17:00:00,"ATR7361","3B00182E75",2023-02-22 16:58:30,13,19450717,19452374,19452483,19452268,19452377,19452497,109,120,2.38532110091743,2.5,2.44541484716157,1.00156243740235,106,106,215,0.715596330275229,3.5,"B","bluti","6","F","22/02/2023 09:00","WYT","ELDER ",61,10.8,"KMH",19.3,22,16,6.519,-0.447670224,85.1,"caught",0,"pm2",-0.447670224,2.83299132491743,2.947670224,2.89308507116157,1.00156243740236
"66",2023-02-23 08:20:00,"ATR5147","3B0018DAC6",2023-02-23 08:16:11,10,74473937,74475923,74476040,74475848,74475937,74476057,89,120,2.92134831460674,2.5,2.67942583732057,-4.03204128810279,75,103,192,4.08988764044944,4.25,"B","bluti","5","M","13/10/2022  14:29:59","WYT","ROUGH ",63,11.2,"AER",19.5,23,8,5.065,3.583355222,85.3,"caught",1,"am1",0,2.92134831460674,2.5,2.67942583732057,-4.03204128810277
"67",2023-02-23 08:20:00,"ATR5147","3B0018DAC6",2023-02-23 08:18:05,10.3,74587470,74589027,74589117,74588955,74589041,74589131,86,90,3.02325581395349,3.33333333333333,3.18181818181818,3.52360817477097,72,76,162,4.23255813953488,4.66666666666667,"B","bluti","5","M","13/10/2022  14:29:59","WYT","ROUGH ",63,11.2,"AER",19.5,23,8,5.065,3.583355222,85.3,"caught",1,"am1",0,3.02325581395349,3.33333333333333,3.18181818181818,3.52360817477091
"68",2023-02-23 09:50:00,"ATR5147","3B0018DAC6",2023-02-23 09:50:31,9,501166,502573,502661,502507,502588,502671,81,83,3.20987654320988,3.6144578313253,3.41463414634146,4.93391814774908,66,73,154,4.81481481481481,3.6144578313253,"A","bluti","5","M","13/10/2022  14:29:59","WYT","ROUGH ",63,11.2,"AER",19.5,23,9,5.155,4.72099108,80.05428571,"caught",1,"am1",0,3.20987654320988,3.6144578313253,3.41463414634146,4.93391814774902
"69",2023-02-23 09:50:00,"ATR5147","3B0018DAC6",2023-02-23 09:49:35,8.8,445004,446655,446748,446586,446667,446772,81,105,3.20987654320988,2.85714285714286,3.01075268817204,-3.79283533405397,69,81,162,3.85185185185185,6.85714285714286,"A","bluti","5","M","13/10/2022  14:29:59","WYT","ROUGH ",63,11.2,"AER",19.5,23,9,5.155,4.72099108,80.05428571,"caught",1,"am1",0,3.20987654320988,2.85714285714286,3.01075268817204,-3.79283533405398
"70",2023-02-23 10:00:00,"ATR5147","3B0018DAC6",2023-02-23 10:04:57,7.3,1330840,1332668,1332749,1332590,1332680,1332764,90,84,2.88888888888889,3.57142857142857,3.2183908045977,7.84528370735268,78,69,159,3.46666666666667,5.35714285714286,"B","bluti","5","M","13/10/2022  14:29:59","WYT","ROUGH ",63,11.2,"AER",19.5,23,10,5.213,4.719164908,79.60571429,"caught",1,"am1",0,2.88888888888889,3.57142857142857,3.2183908045977,7.84528370735264
"71",2023-02-23 10:00:00,"ATR5147","3B0018DAC6",2023-02-23 09:59:36,7.3,1010378,1012083,1012172,1012013,1012098,1012189,85,91,3.05882352941176,3.2967032967033,3.18181818181818,2.70317917376741,70,74,159,4.58823529411765,5.6043956043956,"B","bluti","5","M","13/10/2022  14:29:59","WYT","ROUGH ",63,11.2,"AER",19.5,23,9,5.213,4.719164908,79.60571429,"caught",1,"am1",0,3.05882352941176,3.2967032967033,3.18181818181818,2.7031791737675
"72",2023-02-23 10:20:00,"ATR5147","3B0018DAC6",2023-02-23 10:20:37,10.3,2306030,2309699,2309789,2309611,2309712,2309804,101,92,2.57425742574257,3.26086956521739,2.90155440414508,7.11515170440225,88,77,178,3.34653465346535,4.89130434782609,"A","bluti","5","M","13/10/2022  14:29:59","WYT","ROUGH ",63,11.2,"AER",19.5,23,10,5.329,4.715512563,78.70857143,"caught",1,"am1",0,2.57425742574257,3.26086956521739,2.90155440414508,7.11515170440228
"73",2023-02-23 10:30:00,"ATR8825","01103FB3A6",2023-02-23 10:33:30,7,3042865,3044091,3044199,3044008,3044106,3044213,98,107,2.6530612244898,2.80373831775701,2.73170731707317,1.47002042211916,83,93,191,3.97959183673469,3.92523364485981,"B","bluti","5","F","22/02/2023 09:00","WYT","ELDER ",61,10.8,"KMH",18.6,23,10,5.387,4.71368639,78.26,"caught",1,"am1",0,2.6530612244898,2.80373831775701,2.73170731707317,1.47002042211912
"74",2023-02-23 10:40:00,"ATR8825","01103FB3A6",2023-02-23 10:38:40,7.3,3352732,3353858,3353948,3353769,3353868,3353960,99,92,2.62626262626263,3.26086956521739,2.93193717277487,6.64509883722267,89,80,179,2.62626262626263,3.91304347826087,"B","bluti","5","F","22/02/2023 09:00","WYT","ELDER ",61,10.8,"KMH",18.6,23,10,5.394,4.834417576,78.12,"caught",1,"am1",0,2.62626262626263,3.26086956521739,2.93193717277487,6.64509883722262
"75",2023-02-23 11:00:00,"ATR8825","01103FB3A6",2023-02-23 11:04:56,8,4927586,4929187,4929303,4929094,4929203,4929320,109,117,2.38532110091743,2.56410256410256,2.47787610619469,1.58213684234631,93,100,209,3.81651376146789,4.35897435897436,"B","bluti","5","F","22/02/2023 09:00","WYT","ELDER ",61,10.8,"KMH",18.6,23,11,5.505,4.550468437,78.02,"caught",1,"am1",0,2.38532110091743,2.56410256410256,2.47787610619469,1.58213684234628
"76",2023-02-23 11:00:00,"ATR5147","3B0018DAC6",2023-02-23 10:58:49,7.5,4561105,4563002,4563097,4562932,4563017,4563108,85,91,3.05882352941176,3.2967032967033,3.18181818181818,2.70317917376741,70,80,165,4.58823529411765,3.62637362637363,"B","bluti","5","M","13/10/2022  14:29:59","WYT","ROUGH ",63,11.2,"AER",19.5,23,10,5.505,4.550468437,78.02,"caught",1,"am1",0,3.05882352941176,3.2967032967033,3.18181818181818,2.7031791737675
"77",2023-02-23 11:10:00,"ATR8825","01103FB3A6",2023-02-23 11:09:57,8,5227729,5229145,5229247,5229048,5229158,5229254,110,96,2.36363636363636,3.125,2.71844660194175,7.3918799646955,97,89,199,3.07272727272727,2.1875,"B","bluti","5","F","22/02/2023 09:00","WYT","ELDER ",61,10.8,"KMH",18.6,23,11,5.646,4.070478561,77.5,"caught",1,"am1",0,2.36363636363636,3.125,2.71844660194175,7.39187996469553
"78",2023-02-23 11:10:00,"ATR8825","01103FB3A6",2023-02-23 11:07:06,8,5057649,5058821,5058921,5058728,5058827,5058937,99,110,2.62626262626263,2.72727272727273,2.67942583732057,0.966603837417232,93,94,193,1.57575757575758,4.36363636363636,"B","bluti","5","F","22/02/2023 09:00","WYT","ELDER ",61,10.8,"KMH",18.6,23,11,5.646,4.070478561,77.5,"caught",1,"am1",0,2.62626262626263,2.72727272727273,2.67942583732057,0.966603837417228
"79",2023-02-23 11:10:00,"ATR8825","01103FB3A6",2023-02-23 11:08:26,8,5136922,5137818,5137942,5137725,5137832,5137959,107,127,2.42990654205607,2.36220472440945,2.39316239316239,-0.578648014073726,93,110,217,3.4018691588785,4.01574803149606,"B","bluti","5","F","22/02/2023 09:00","WYT","ELDER ",61,10.8,"KMH",18.6,23,11,5.646,4.070478561,77.5,"caught",1,"am1",0,2.42990654205607,2.36220472440945,2.39316239316239,-0.578648014073677
"80",2023-02-23 11:20:00,"ATR5147","3B0018DAC6",2023-02-23 11:20:39,11,5907386,5908974,5909066,5908888,5908989,5909074,101,85,2.57425742574257,3.52941176470588,3.01075268817204,10.2704767630463,86,77,178,3.86138613861386,2.82352941176471,"A","bluti","5","M","13/10/2022  14:29:59","WYT","ROUGH ",63,11.2,"AER",19.5,23,11,5.557,4.75098606,77.18,"caught",1,"am1",0,2.57425742574257,3.52941176470588,3.01075268817204,10.2704767630463
"81",2023-02-23 11:20:00,"ATR5147","3B0018DAC6",2023-02-23 11:22:30,8.3,5980545,5983476,5983562,5983391,5983490,5983574,99,84,2.62626262626263,3.57142857142857,3.06010928961749,10.32968246083,85,72,171,3.67676767676768,4.28571428571429,"B","bluti","5","M","13/10/2022  14:29:59","WYT","ROUGH ",63,11.2,"AER",19.5,23,11,5.557,4.75098606,77.18,"caught",1,"am1",0,2.62626262626263,3.57142857142857,3.06010928961749,10.3296824608299
"82",2023-02-23 11:20:00,"ATR8825","01103FB3A6",2023-02-23 11:16:58,8.3,5649040,5651036,5651135,5650928,5651057,5651161,129,104,2.01550387596899,2.88461538461538,2.40343347639485,7.46018462357418,108,78,207,4.23255813953488,7.5,"B","bluti","5","F","22/02/2023 09:00","WYT","ELDER ",61,10.8,"KMH",18.6,23,11,5.557,4.75098606,77.18,"caught",1,"am1",0,2.01550387596899,2.88461538461538,2.40343347639485,7.46018462357416
"83",2023-02-23 11:30:00,"ATR7361","3B00182E75",2023-02-23 11:32:08,11,6595704,6596365,6596492,6596079,6596385,6596509,306,124,0.849673202614379,2.41935483870968,1.30232558139535,7.3008448190479,286,107,413,1.69934640522876,4.11290322580645,"A","bluti","6","F","22/02/2023 09:00","WYT","ELDER ",61,10.8,"KMH",19.3,23,11,5.702,5.024937404,75.72,"caught",1,"am1",0,0.849673202614379,2.41935483870968,1.30232558139535,7.30084481904791
"84",2023-02-23 11:40:00,"ATR8825","01103FB3A6",2023-02-23 11:42:27,8.3,7177290,7183845,7183943,7183772,7183854,7183952,82,98,3.17073170731707,3.06122448979592,3.11111111111111,-1.21674686134617,73,89,171,2.85365853658537,2.75510204081633,"B","bluti","5","F","22/02/2023 09:00","WYT","ELDER ",61,10.8,"KMH",18.6,23,11,5.998,3.571530617,74.61,"caught",1,"am1",0,3.17073170731707,3.06122448979592,3.11111111111111,-1.21674686134611
"85",2023-02-23 11:40:00,"AJY3812","3B00186F83",2023-02-23 11:38:19,8.3,6929108,6930699,6930814,6930590,6930718,6930836,128,118,2.03125,2.54237288135593,2.27642276422764,4.15547058012953,109,96,224,3.859375,5.59322033898305,"B","bluti","5","M","22/02/2023 10:19","WYT","ELDER ",66,10.7,"MB",19.4,23,11,5.998,3.571530617,74.61,"caught",1,"am1",0,2.03125,2.54237288135593,2.27642276422764,4.15547058012951
"86",2023-02-23 11:40:00,"ATR8825","01103FB3A6",2023-02-23 11:44:38,11.3,7345676,7347460,7347558,7347365,7347465,7347571,100,106,2.6,2.83018867924528,2.71844660194175,2.23484154607071,95,93,193,1.3,3.67924528301887,"A","bluti","5","F","22/02/2023 09:00","WYT","ELDER ",61,10.8,"KMH",18.6,23,11,5.998,3.571530617,74.61,"caught",1,"am1",0,2.6,2.83018867924528,2.71844660194175,2.23484154607068
"87",2023-02-23 11:40:00,"AJY3812","3B00186F83",2023-02-23 11:44:10,8.3,7279905,7284779,7284900,7284681,7284792,7284910,111,118,2.34234234234234,2.54237288135593,2.44541484716157,1.74699160710559,98,108,219,3.04504504504505,2.54237288135593,"B","bluti","5","M","22/02/2023 10:19","WYT","ELDER ",66,10.7,"MB",19.4,23,11,5.998,3.571530617,74.61,"caught",1,"am1",0,2.34234234234234,2.54237288135593,2.44541484716157,1.74699160710559
"88",2023-02-23 11:40:00,"ATR5147","3B0018DAC6",2023-02-23 11:38:45,8.3,6954714,6956358,6956449,6956243,6956371,6956472,128,101,2.03125,2.97029702970297,2.44541484716157,8.20128410220935,115,78,206,2.640625,6.83168316831683,"B","bluti","5","M","13/10/2022  14:29:59","WYT","ROUGH ",63,11.2,"AER",19.5,23,11,5.998,3.571530617,74.61,"caught",1,"am1",0,2.03125,2.97029702970297,2.44541484716157,8.20128410220934
"89",2023-02-23 11:40:00,"ATR5147","3B0018DAC6",2023-02-23 11:37:30,8.3,6880132,6881909,6881997,6881821,6881924,6882008,103,84,2.52427184466019,3.57142857142857,2.99465240641711,11.1995371846885,88,73,176,3.78640776699029,3.92857142857143,"B","bluti","5","M","13/10/2022  14:29:59","WYT","ROUGH ",63,11.2,"AER",19.5,23,11,5.998,3.571530617,74.61,"caught",1,"am1",0,2.52427184466019,3.57142857142857,2.99465240641711,11.1995371846886
"90",2023-02-23 11:40:00,"AJY3812","3B00186F83",2023-02-23 11:41:19,11.3,7147029,7148544,7148651,7148438,7148555,7148655,117,100,2.22222222222222,3,2.58064516129032,7.16845878136201,106,96,213,2.44444444444444,1.2,"A","bluti","5","M","22/02/2023 10:19","WYT","ELDER ",66,10.7,"MB",19.4,23,11,5.998,3.571530617,74.61,"caught",1,"am1",0,2.22222222222222,3,2.58064516129032,7.16845878136203
"91",2023-02-23 11:40:00,"AJY3812","3B00186F83",2023-02-23 11:39:13,8.3,6983069,6986634,6986741,6986530,6986647,6986743,117,96,2.22222222222222,3.125,2.62910798122066,8.47678664580073,104,94,211,2.88888888888889,0.625,"B","bluti","5","M","22/02/2023 10:19","WYT","ELDER ",66,10.7,"MB",19.4,23,11,5.998,3.571530617,74.61,"caught",1,"am1",0,2.22222222222222,3.125,2.62910798122066,8.47678664580075
"92",2023-02-23 11:40:00,"ATR5147","3B0018DAC6",2023-02-23 11:41:31,8.3,7121158,7122949,7123042,7122867,7122963,7123055,96,92,2.70833333333333,3.26086956521739,2.97872340425532,5.87804502004317,82,79,175,3.79166666666667,4.23913043478261,"B","bluti","5","M","13/10/2022  14:29:59","WYT","ROUGH ",63,11.2,"AER",19.5,23,11,5.998,3.571530617,74.61,"caught",1,"am1",0,2.70833333333333,3.26086956521739,2.97872340425532,5.87804502004319
"93",2023-02-23 12:00:00,"ATR5147","3B0018DAC6",2023-02-23 11:57:04,8.5,8052818,8053732,8053819,8053662,8053744,8053835,82,91,3.17073170731707,3.2967032967033,3.23699421965318,1.45631895244189,70,75,157,3.80487804878049,5.27472527472527,"B","bluti","5","M","13/10/2022  14:29:59","WYT","ROUGH ",63,11.2,"AER",19.5,23,11,6.164,5.470169803,72.4,"caught",1,"am1",0,3.17073170731707,3.2967032967033,3.23699421965318,1.45631895244196
"94",2023-02-23 12:00:00,"ATR5147","3B0018DAC6",2023-02-23 12:02:52,8.5,8400752,8404002,8404100,8403918,8404016,8404109,98,93,2.6530612244898,3.2258064516129,2.93193717277487,5.99733222118437,84,84,182,3.71428571428571,2.90322580645161,"B","bluti","5","M","13/10/2022  14:29:59","WYT","ROUGH ",63,11.2,"AER",19.5,23,12,6.164,5.470169803,72.4,"caught",1,"pm1",0,2.6530612244898,3.2258064516129,2.93193717277487,5.99733222118429
"95",2023-02-23 12:00:00,"AJY3812","3B00186F83",2023-02-23 12:02:17,8.5,8365747,8368946,8369075,8368844,8368963,8369080,119,117,2.18487394957983,2.56410256410256,2.3728813559322,3.21380181798926,102,112,231,3.71428571428571,1.28205128205128,"B","bluti","5","M","22/02/2023 10:19","WYT","ELDER ",66,10.7,"MB",19.4,23,12,6.164,5.470169803,72.4,"caught",1,"pm1",0,2.18487394957983,2.56410256410256,2.3728813559322,3.21380181798924
"96",2023-02-23 12:00:00,"ATR8825","01103FB3A6",2023-02-23 11:58:06,8.5,8115279,8127050,8127178,8126927,8127068,8127195,141,127,1.84397163120567,2.36220472440945,2.08955223880597,3.86741114331175,123,110,251,3.31914893617021,4.01574803149606,"B","bluti","5","F","22/02/2023 09:00","WYT","ELDER ",61,10.8,"KMH",18.6,23,11,6.164,5.470169803,72.4,"caught",1,"am1",0,1.84397163120567,2.36220472440945,2.08955223880597,3.86741114331179
"97",2023-02-23 12:00:00,"ATR5147","3B0018DAC6",2023-02-23 12:02:41,11.5,8428222,8429586,8429680,8429496,8429612,8429693,116,81,2.24137931034483,3.7037037037037,2.84263959390863,14.8459329275013,90,68,184,5.82758620689655,4.81481481481481,"A","bluti","5","M","13/10/2022  14:29:59","WYT","ROUGH ",63,11.2,"AER",19.5,23,12,6.164,5.470169803,72.4,"caught",1,"pm1",0,2.24137931034483,3.7037037037037,2.84263959390863,14.8459329275012
"98",2023-02-23 12:00:00,"AJY3812","3B00186F83",2023-02-23 12:01:00,8.5,8289426,8292664,8292799,8292563,8292685,8292822,122,137,2.13114754098361,2.18978102189781,2.16216216216216,0.452768192387672,101,114,236,4.47540983606557,5.03649635036496,"B","bluti","5","M","22/02/2023 10:19","WYT","ELDER ",66,10.7,"MB",19.4,23,12,6.164,5.470169803,72.4,"caught",1,"pm1",0,2.13114754098361,2.18978102189781,2.16216216216216,0.452768192387648
"99",2023-02-23 12:10:00,"AJY3812","3B00186F83",2023-02-23 12:08:05,8.8,8713504,8719310,8719412,8719194,8719326,8719423,132,97,1.96969696969697,3.09278350515464,2.44541484716157,9.80861603019799,116,86,218,3.15151515151515,3.4020618556701,"B","bluti","5","M","22/02/2023 10:19","WYT","ELDER ",66,10.7,"MB",19.4,23,12,6.067,4.818402117,72.2,"caught",1,"pm1",0,1.96969696969697,3.09278350515464,2.44541484716157,9.80861603019799
"100",2023-02-23 12:10:00,"AJY3812","3B00186F83",2023-02-23 12:06:34,11.5,8661393,8664689,8664835,8664526,8664712,8664858,186,146,1.39784946236559,2.05479452054795,1.68674698795181,3.95750035049611,163,123,309,3.21505376344086,4.72602739726027,"A","bluti","5","M","22/02/2023 10:19","WYT","ELDER ",66,10.7,"MB",19.4,23,12,6.067,4.818402117,72.2,"caught",1,"pm1",0,1.39784946236559,2.05479452054795,1.68674698795181,3.95750035049614
"101",2023-02-23 12:20:00,"ATR8825","01103FB3A6",2023-02-23 12:18:20,10.3,9328651,9330165,9330280,9330074,9330179,9330293,105,114,2.47619047619048,2.63157894736842,2.55707762557078,1.41907279614562,91,101,206,3.46666666666667,3.42105263157895,"B","bluti","5","F","22/02/2023 09:00","WYT","ELDER ",61,10.8,"KMH",18.6,23,12,6.203,4.669127182,71.6625,"caught",1,"pm1",0,2.47619047619048,2.63157894736842,2.55707762557078,1.41907279614557
"102",2023-02-23 12:20:00,"ATR5147","3B0018DAC6",2023-02-23 12:23:28,10.8,9635588,9637608,9637698,9637538,9637621,9637707,83,86,3.13253012048193,3.48837209302326,3.31360946745562,4.21114760403939,70,77,160,4.07228915662651,3.13953488372093,"B","bluti","5","M","13/10/2022  14:29:59","WYT","ROUGH ",63,11.2,"AER",19.5,23,12,6.203,4.669127182,71.6625,"caught",1,"pm1",0,3.13253012048193,3.48837209302326,3.31360946745562,4.21114760403941
"103",2023-02-23 12:20:00,"ATR5147","3B0018DAC6",2023-02-23 12:22:06,10.8,9554329,9557154,9557246,9557082,9557170,9557258,88,88,2.95454545454545,3.40909090909091,3.18181818181818,5.16528925619835,72,76,164,4.72727272727273,4.09090909090909,"B","bluti","5","M","13/10/2022  14:29:59","WYT","ROUGH ",63,11.2,"AER",19.5,23,12,6.203,4.669127182,71.6625,"caught",1,"pm1",0,2.95454545454545,3.40909090909091,3.18181818181818,5.16528925619841
"104",2023-02-23 12:30:00,"AJY3812","3B00186F83",2023-02-23 12:28:00,11,9907506,9910257,9910366,9910140,9910269,9910384,129,115,2.01550387596899,2.60869565217391,2.29508196721311,4.86222767381083,117,97,226,2.41860465116279,4.69565217391304,"B","bluti","5","M","22/02/2023 10:19","WYT","ELDER ",66,10.7,"MB",19.4,23,12,6.339,4.519852247,71.125,"caught",1,"pm1",0,2.01550387596899,2.60869565217391,2.29508196721311,4.86222767381082
"105",2023-02-23 12:30:00,"ATR5147","3B0018DAC6",2023-02-23 12:25:00,11,9727932,9729540,9729629,9729467,9729553,9729643,86,90,3.02325581395349,3.33333333333333,3.18181818181818,3.52360817477097,73,76,162,3.93023255813954,4.66666666666667,"B","bluti","5","M","13/10/2022  14:29:59","WYT","ROUGH ",63,11.2,"AER",19.5,23,12,6.339,4.519852247,71.125,"caught",1,"pm1",0,3.02325581395349,3.33333333333333,3.18181818181818,3.52360817477091
"106",2023-02-23 12:30:00,"ATR5147","3B0018DAC6",2023-02-23 12:25:35,11,9762712,9764564,9764656,9764471,9764577,9764672,106,95,2.45283018867925,3.15789473684211,2.78606965174129,7.01556764341154,93,79,185,3.18867924528302,5.05263157894737,"B","bluti","5","M","13/10/2022  14:29:59","WYT","ROUGH ",63,11.2,"AER",19.5,23,12,6.339,4.519852247,71.125,"caught",1,"pm1",0,2.45283018867925,3.15789473684211,2.78606965174129,7.01556764341154
"107",2023-02-23 12:40:00,"AJY3812","3B00186F83",2023-02-23 12:35:12,13.3,10378489,10380300,10380404,10380221,10380316,10380424,95,108,2.73684210526316,2.77777777777778,2.75862068965517,0.403307118370638,79,88,183,4.37894736842105,5.55555555555556,"A","bluti","5","M","22/02/2023 10:19","WYT","ELDER ",66,10.7,"MB",19.4,23,12,6.475,4.370577313,70.5875,"caught",1,"pm1",0,2.73684210526316,2.77777777777778,2.75862068965517,0.403307118370638
"108",2023-02-23 12:40:00,"ATR8825","01103FB3A6",2023-02-23 12:43:37,10.3,10844615,10846733,10846830,10846641,10846736,10846838,95,102,2.73684210526316,2.94117647058824,2.84263959390863,2.07446056167591,92,94,189,0.821052631578947,2.35294117647059,"B","bluti","5","F","22/02/2023 09:00","WYT","ELDER ",61,10.8,"KMH",18.6,23,12,6.475,4.370577313,70.5875,"caught",1,"pm1",0,2.73684210526316,2.94117647058824,2.84263959390863,2.07446056167594
"109",2023-02-23 12:40:00,"ATR7361","3B00182E75",2023-02-23 12:36:35,10.5,10422788,10423638,10423754,10423543,10423656,10423769,113,113,2.30088495575221,2.65486725663717,2.47787610619469,3.13258673349518,95,98,211,4.14159292035398,3.98230088495575,"B","bluti","6","F","22/02/2023 09:00","WYT","ELDER ",61,10.8,"KMH",19.3,23,12,6.475,4.370577313,70.5875,"caught",1,"pm1",0,2.30088495575221,2.65486725663717,2.47787610619469,3.13258673349522
"110",2023-02-23 12:40:00,"ATR7361","3B00182E75",2023-02-23 12:38:37,10.3,10544833,10546240,10546352,10546134,10546253,10546362,119,109,2.18487394957983,2.75229357798165,2.45614035087719,4.97736516141947,106,99,218,2.84033613445378,2.75229357798165,"B","bluti","6","F","22/02/2023 09:00","WYT","ELDER ",61,10.8,"KMH",19.3,23,12,6.475,4.370577313,70.5875,"caught",1,"pm1",0,2.18487394957983,2.75229357798165,2.45614035087719,4.97736516141947
"111",2023-02-23 12:50:00,"ATR5147","3B0018DAC6",2023-02-23 12:52:46,9.8,11392762,11394985,11395076,11394915,11394999,11395090,84,91,3.0952380952381,3.2967032967033,3.2,2.30245944531659,70,77,161,4.33333333333333,4.61538461538461,"B","bluti","5","M","13/10/2022  14:29:59","WYT","ROUGH ",63,11.2,"AER",19.5,23,12,6.611,4.221302378,70.05,"caught",1,"pm1",0,3.0952380952381,3.2967032967033,3.2,2.30245944531657
"112",2023-02-23 12:50:00,"ATR8825","01103FB3A6",2023-02-23 12:46:14,10,11000699,11002021,11002127,11001934,11002030,11002140,96,110,2.70833333333333,2.72727272727273,2.71844660194175,0.183877611062074,87,97,193,2.4375,3.54545454545455,"B","bluti","5","F","22/02/2023 09:00","WYT","ELDER ",61,10.8,"KMH",18.6,23,12,6.611,4.221302378,70.05,"caught",1,"pm1",0,2.70833333333333,2.72727272727273,2.71844660194175,0.183877611062138
"113",2023-02-23 12:50:00,"ATR7361","3B00182E75",2023-02-23 12:54:01,9.8,11467383,11470325,11470431,11470206,11470339,11470447,133,108,1.95488721804511,2.77777777777778,2.32365145228216,6.82896730068602,119,92,225,2.73684210526316,4.44444444444444,"B","bluti","6","F","22/02/2023 09:00","WYT","ELDER ",61,10.8,"KMH",19.3,23,12,6.611,4.221302378,70.05,"caught",1,"pm1",0,1.95488721804511,2.77777777777778,2.32365145228216,6.82896730068606
"114",2023-02-23 12:50:00,"AJY3812","3B00186F83",2023-02-23 12:54:45,12.8,11551673,11554021,11554126,11553922,11554037,11554143,115,106,2.26086956521739,2.83018867924528,2.53393665158371,5.152209176723,99,89,204,3.61739130434783,4.81132075471698,"A","bluti","5","M","22/02/2023 10:19","WYT","ELDER ",66,10.7,"MB",19.4,23,12,6.611,4.221302378,70.05,"caught",1,"pm1",0,2.26086956521739,2.83018867924528,2.53393665158371,5.15220917672299
"115",2023-02-23 12:50:00,"AJY3812","3B00186F83",2023-02-23 12:50:02,13,11268429,11276938,11277056,11276860,11276954,11277061,94,107,2.76595744680851,2.80373831775701,2.78606965174129,0.375929064164163,78,102,196,4.42553191489362,1.4018691588785,"A","bluti","5","M","22/02/2023 10:19","WYT","ELDER ",66,10.7,"MB",19.4,23,12,6.611,4.221302378,70.05,"caught",1,"pm1",0,2.76595744680851,2.80373831775701,2.78606965174129,0.37592906416418
"116",2023-02-23 12:50:00,"AJY3812","3B00186F83",2023-02-23 12:51:26,12.8,11352690,11354732,11354840,11354653,11354749,11354861,96,112,2.70833333333333,2.67857142857143,2.69230769230769,-0.286172161172164,79,91,187,4.60416666666667,5.625,"A","bluti","5","M","22/02/2023 10:19","WYT","ELDER ",66,10.7,"MB",19.4,23,12,6.611,4.221302378,70.05,"caught",1,"pm1",0,2.70833333333333,2.67857142857143,2.69230769230769,-0.286172161172113
"117",2023-02-23 13:00:00,"ATR5147","3B0018DAC6",2023-02-23 12:59:23,9.5,11789440,11792149,11792239,11792077,11792163,11792252,86,89,3.02325581395349,3.37078651685393,3.2,3.97177946171936,72,76,162,4.23255813953488,4.38202247191011,"B","bluti","5","M","13/10/2022  14:29:59","WYT","ROUGH ",63,11.2,"AER",19.5,23,12,6.458,4.688087453,69.98,"caught",1,"pm1",0,3.02325581395349,3.37078651685393,3.2,3.97177946171931
"118",2023-02-23 13:00:00,"ATR5147","3B0018DAC6",2023-02-23 13:00:30,9.5,11856328,11856457,11856548,11856382,11856471,11856564,89,93,2.92134831460674,3.2258064516129,3.07692307692308,3.34569381325452,75,77,166,4.08988764044944,5.16129032258065,"B","bluti","5","M","13/10/2022  14:29:59","WYT","ROUGH ",63,11.2,"AER",19.5,23,13,6.458,4.688087453,69.98,"caught",1,"pm1",0,2.92134831460674,3.2258064516129,3.07692307692308,3.34569381325451
"119",2023-02-23 13:00:00,"ATR5147","3B0018DAC6",2023-02-23 12:58:17,9.5,11723053,11725129,11725224,11725036,11725144,11725235,108,91,2.40740740740741,3.2967032967033,2.81407035175879,8.9376471286019,93,80,188,3.61111111111111,3.62637362637363,"B","bluti","5","M","13/10/2022  14:29:59","WYT","ROUGH ",63,11.2,"AER",19.5,23,12,6.458,4.688087453,69.98,"caught",1,"pm1",0,2.40740740740741,3.2967032967033,2.81407035175879,8.93764712860191
"120",2023-02-23 13:00:00,"ATR5147","3B0018DAC6",2023-02-23 12:58:43,9.5,11749420,11751069,11751159,11750998,11751083,11751171,85,88,3.05882352941176,3.40909090909091,3.23699421965318,4.04933386912306,71,76,161,4.28235294117647,4.09090909090909,"B","bluti","5","M","13/10/2022  14:29:59","WYT","ROUGH ",63,11.2,"AER",19.5,23,12,6.458,4.688087453,69.98,"caught",1,"pm1",0,3.05882352941176,3.40909090909091,3.23699421965318,4.04933386912312
"121",2023-02-23 13:00:00,"AJY3812","3B00186F83",2023-02-23 13:03:37,9.3,12043237,12045355,12045454,12045255,12045382,12045467,127,85,2.04724409448819,3.52941176470588,2.64150943396226,13.9827138699782,100,72,199,5.52755905511811,4.58823529411765,"B","bluti","5","M","22/02/2023 10:19","WYT","ELDER ",66,10.7,"MB",19.4,23,13,6.458,4.688087453,69.98,"caught",1,"pm1",0,2.04724409448819,3.52941176470588,2.64150943396226,13.9827138699782
"122",2023-02-23 13:10:00,"ATR8825","01103FB3A6",2023-02-23 13:06:41,9.3,12227330,12229963,12230070,12229881,12229977,12230085,96,108,2.70833333333333,2.77777777777778,2.74509803921569,0.680827886710237,82,93,189,3.79166666666667,4.16666666666667,"B","bluti","5","F","22/02/2023 09:00","WYT","ELDER ",61,10.8,"KMH",18.6,23,13,6.391,5.106816155,69.23,"caught",1,"pm1",0,2.70833333333333,2.77777777777778,2.74509803921569,0.680827886710294
"123",2023-02-23 13:20:00,"AJY3812","3B00186F83",2023-02-23 13:20:12,9.3,13037812,13039751,13039861,13039636,13039766,13039880,130,114,2,2.63157894736842,2.29508196721311,5.17687661777394,115,95,225,3,5,"B","bluti","5","M","22/02/2023 10:19","WYT","ELDER ",66,10.7,"MB",19.4,23,13,6.395,3.823731588,70.55,"caught",1,"pm1",0,2,2.63157894736842,2.29508196721311,5.17687661777393
"124",2023-02-23 13:20:00,"ATR8825","01103FB3A6",2023-02-23 13:24:08,9.3,13273925,13274177,13274304,13274108,13274199,13274320,91,121,2.85714285714286,2.47933884297521,2.64150943396226,-3.56418881290236,69,105,196,6.28571428571429,3.96694214876033,"B","bluti","5","F","22/02/2023 09:00","WYT","ELDER ",61,10.8,"KMH",18.6,23,13,6.395,3.823731588,70.55,"caught",1,"pm1",0,2.85714285714286,2.47933884297521,2.64150943396226,-3.56418881290236
"125",2023-02-23 13:30:00,"AJY3812","3B00186F83",2023-02-23 13:33:15,9.3,13819604,13820479,13820618,13820343,13820514,13820640,171,126,1.52046783625731,2.38095238095238,1.88552188552189,5.79450871848533,136,104,275,5.32163742690059,5.23809523809524,"B","bluti","5","M","22/02/2023 10:19","WYT","ELDER ",66,10.7,"MB",19.4,23,13,6.391,3.307798749,71.34,"caught",1,"pm1",0,1.52046783625731,2.38095238095238,1.88552188552189,5.79450871848532
"126",2023-02-23 13:30:00,"ATR5147","3B0018DAC6",2023-02-23 13:27:47,9.3,13492574,13493781,13493880,13493705,13493800,13493893,95,93,2.73684210526316,3.2258064516129,2.97872340425532,5.20174836542282,76,80,175,5.2,4.19354838709677,"B","bluti","5","M","13/10/2022  14:29:59","WYT","ROUGH ",63,11.2,"AER",19.5,23,13,6.391,3.307798749,71.34,"caught",1,"pm1",0,2.73684210526316,3.2258064516129,2.97872340425532,5.20174836542276
"127",2023-02-23 13:30:00,"ATR5147","3B0018DAC6",2023-02-23 13:29:58,9.3,13622740,13626138,13626240,13626065,13626152,13626252,87,100,2.98850574712644,3,2.99465240641711,0.122933185813511,73,88,175,4.18390804597701,3.6,"B","bluti","5","M","13/10/2022  14:29:59","WYT","ROUGH ",63,11.2,"AER",19.5,23,13,6.391,3.307798749,71.34,"caught",1,"pm1",0,2.98850574712644,3,2.99465240641711,0.122933185813478
"128",2023-02-23 13:30:00,"AJY3812","3B00186F83",2023-02-23 13:31:52,9.3,13737110,13738791,13738908,13738713,13738806,13738912,93,106,2.79569892473118,2.83018867924528,2.81407035175879,0.346630698634169,78,102,195,4.19354838709677,1.13207547169811,"B","bluti","5","M","22/02/2023 10:19","WYT","ELDER ",66,10.7,"MB",19.4,23,13,6.391,3.307798749,71.34,"caught",1,"pm1",0,2.79569892473118,2.83018867924528,2.81407035175879,0.346630698634174
"129",2023-02-23 13:30:00,"ATR5147","3B0018DAC6",2023-02-23 13:28:22,9.3,13527182,13528903,13528997,13528830,13528909,13529009,79,100,3.29113924050633,3,3.12849162011173,-3.25295240789195,73,88,167,1.9746835443038,3.6,"B","bluti","5","M","13/10/2022  14:29:59","WYT","ROUGH ",63,11.2,"AER",19.5,23,13,6.391,3.307798749,71.34,"caught",1,"pm1",0,3.29113924050633,3,3.12849162011173,-3.25295240789196
"130",2023-02-23 13:40:00,"ATR8825","01103FB3A6",2023-02-23 13:41:54,9,14338872,14340134,14340230,14340042,14340136,14340242,94,106,2.76595744680851,2.83018867924528,2.8,0.64231232436772,92,94,188,0.553191489361702,3.39622641509434,"B","bluti","5","F","22/02/2023 09:00","WYT","ELDER ",61,10.8,"KMH",18.6,23,13,6.297,3.952197449,70.69,"caught",1,"pm1",0,2.76595744680851,2.83018867924528,2.8,0.642312324367702
"131",2023-02-23 13:40:00,"ATR8825","01103FB3A6",2023-02-23 13:44:29,9.3,14493271,14495795,14495903,14495695,14495810,14495918,115,108,2.26086956521739,2.77777777777778,2.51121076233184,4.63594809471199,100,93,208,3.39130434782609,4.16666666666667,"B","bluti","5","F","22/02/2023 09:00","WYT","ELDER ",61,10.8,"KMH",18.6,23,13,6.297,3.952197449,70.69,"caught",1,"pm1",0,2.26086956521739,2.77777777777778,2.51121076233184,4.63594809471202
"132",2023-02-23 13:50:00,"ATR5147","3B0018DAC6",2023-02-23 13:45:06,9.3,14530564,14532681,14532774,14532589,14532699,14532789,110,90,2.36363636363636,3.33333333333333,2.8,9.6969696969697,92,75,185,4.25454545454545,5,"B","bluti","5","M","13/10/2022  14:29:59","WYT","ROUGH ",63,11.2,"AER",19.5,23,13,6.407,2.54668126,71.44,"caught",1,"pm1",0,2.36363636363636,3.33333333333333,2.8,9.6969696969697
"133",2023-02-23 14:00:00,"AJY3812","3B00186F83",2023-02-23 13:59:43,12.3,15448107,15449925,15450033,15449841,15449942,15450053,101,111,2.57425742574257,2.7027027027027,2.64150943396226,1.21174789585027,84,91,192,4.37623762376238,5.40540540540541,"A","bluti","5","M","22/02/2023 10:19","WYT","ELDER ",66,10.7,"MB",19.4,23,13,6.57,2.859983199,69.66,"caught",1,"pm1",0,2.57425742574257,2.7027027027027,2.64150943396226,1.21174789585028
"134",2023-02-23 14:00:00,"ATR5147","3B0018DAC6",2023-02-23 14:03:18,9.5,15621874,15623190,15623286,15623117,15623201,15623294,84,93,3.0952380952381,3.2258064516129,3.1638418079096,1.47534865960235,73,85,169,3.40476190476191,2.58064516129032,"B","bluti","5","M","13/10/2022  14:29:59","WYT","ROUGH ",63,11.2,"AER",19.5,23,14,6.57,2.859983199,69.66,"caught",1,"pm1",0,3.0952380952381,3.2258064516129,3.1638418079096,1.47534865960226
"135",2023-02-23 14:10:00,"AJY3812","3B00186F83",2023-02-23 14:13:52,9.3,16255425,16256754,16256866,16256632,16256768,16256880,136,112,1.91176470588235,2.67857142857143,2.25806451612903,6.18392518297641,122,98,234,2.67647058823529,3.75,"B","bluti","5","M","22/02/2023 10:19","WYT","ELDER ",66,10.7,"MB",19.4,23,14,6.533,3.186937789,68.97,"caught",1,"pm1",0,1.91176470588235,2.67857142857143,2.25806451612903,6.18392518297645
"136",2023-02-23 14:10:00,"ATR8825","01103FB3A6",2023-02-23 14:13:50,9.3,16253206,16254310,16254412,16254215,16254312,16254425,97,113,2.68041237113402,2.65486725663717,2.66666666666667,-0.243286804731925,95,100,197,0.536082474226804,3.45132743362832,"B","bluti","5","F","22/02/2023 09:00","WYT","ELDER ",61,10.8,"KMH",18.6,23,14,6.533,3.186937789,68.97,"caught",1,"pm1",0,2.68041237113402,2.65486725663717,2.66666666666667,-0.243286804731904
"137",2023-02-23 14:10:00,"ATR8825","01103FB3A6",2023-02-23 14:12:20,9.3,16163450,16163612,16163697,16163504,16163613,16163705,109,92,2.38532110091743,3.26086956521739,2.78606965174129,8.71192501791005,108,84,193,0.238532110091743,2.60869565217391,"B","bluti","5","F","22/02/2023 09:00","WYT","ELDER ",61,10.8,"KMH",18.6,23,14,6.533,3.186937789,68.97,"caught",1,"pm1",0,2.38532110091743,3.26086956521739,2.78606965174129,8.71192501791005
"138",2023-02-23 14:30:00,"ATR7361","3B00182E75",2023-02-23 14:29:26,8.8,17188790,17190163,17190275,17190077,17190170,17190287,93,117,2.79569892473118,2.56410256410256,2.66666666666667,-2.20567962503446,86,105,198,1.95698924731183,3.07692307692308,"B","bluti","6","F","22/02/2023 09:00","WYT","ELDER ",61,10.8,"KMH",19.3,23,14,6.455,2.995651101,69.25,"caught",1,"pm1",0,2.79569892473118,2.56410256410256,2.66666666666667,-2.20567962503448
"139",2023-02-23 14:30:00,"ATR5147","3B0018DAC6",2023-02-23 14:28:10,8.8,17112247,17113689,17113784,17113616,17113699,17113804,83,105,3.13253012048193,2.85714285714286,2.97872340425532,-2.92965173764969,73,85,168,3.13253012048193,5.71428571428571,"B","bluti","5","M","13/10/2022  14:29:59","WYT","ROUGH ",63,11.2,"AER",19.5,23,14,6.455,2.995651101,69.25,"caught",1,"pm1",0,3.13253012048193,2.85714285714286,2.97872340425532,-2.92965173764968
"140",2023-02-23 14:30:00,"ATR5147","3B0018DAC6",2023-02-23 14:30:09,8.8,17232016,17233820,17233910,17233748,17233831,17233923,83,92,3.13253012048193,3.26086956521739,3.2,1.46673651126244,72,79,162,3.44578313253012,4.23913043478261,"B","bluti","5","M","13/10/2022  14:29:59","WYT","ROUGH ",63,11.2,"AER",19.5,23,14,6.455,2.995651101,69.25,"caught",1,"pm1",0,3.13253012048193,3.26086956521739,3.2,1.4667365112624
"141",2023-02-23 14:30:00,"ATR5147","3B0018DAC6",2023-02-23 14:29:10,8.8,17172507,17173771,17173861,17173689,17173783,17173869,94,86,2.76595744680851,3.48837209302326,3.11111111111111,8.02682940238605,82,78,172,3.31914893617021,2.7906976744186,"B","bluti","5","M","13/10/2022  14:29:59","WYT","ROUGH ",63,11.2,"AER",19.5,23,14,6.455,2.995651101,69.25,"caught",1,"pm1",0,2.76595744680851,3.48837209302326,3.11111111111111,8.02682940238611
"142",2023-02-23 14:40:00,"ATR8825","01103FB3A6",2023-02-23 14:39:08,8.8,17770677,17771769,17771876,17771684,17771781,17771891,97,110,2.68041237113402,2.72727272727273,2.70531400966184,0.452757064142093,85,95,192,3.21649484536082,4.09090909090909,"B","bluti","5","F","22/02/2023 09:00","WYT","ELDER ",61,10.8,"KMH",18.6,23,14,6.551,2.949190596,68.98,"caught",1,"pm1",0,2.68041237113402,2.72727272727273,2.70531400966184,0.452757064142128
"143",2023-02-23 14:40:00,"ATR8825","01103FB3A6",2023-02-23 14:37:58,8.8,17700172,17701402,17701509,17701314,17701411,17701530,97,119,2.68041237113402,2.52100840336134,2.59259259259259,-1.47596266456181,88,98,195,2.41237113402062,5.29411764705882,"B","bluti","5","F","22/02/2023 09:00","WYT","ELDER ",61,10.8,"KMH",18.6,23,14,6.551,2.949190596,68.98,"caught",1,"pm1",0,2.68041237113402,2.52100840336134,2.59259259259259,-1.47596266456185
"144",2023-02-23 14:40:00,"AJY3812","3B00186F83",2023-02-23 14:40:02,8.8,17824188,17826021,17826137,17825921,17826035,17826154,114,119,2.28070175438596,2.52100840336134,2.40343347639485,2.06271801695605,100,102,216,3.19298245614035,4.28571428571429,"B","bluti","5","M","22/02/2023 10:19","WYT","ELDER ",66,10.7,"MB",19.4,23,14,6.551,2.949190596,68.98,"caught",1,"pm1",0,2.28070175438596,2.52100840336134,2.40343347639485,2.06271801695605
"145",2023-02-23 14:40:00,"AJY3812","3B00186F83",2023-02-23 14:38:57,8.8,17758926,17766448,17766562,17766340,17766467,17766580,127,113,2.04724409448819,2.65486725663717,2.33333333333333,5.06352635124149,108,95,222,3.88976377952756,4.7787610619469,"B","bluti","5","M","22/02/2023 10:19","WYT","ELDER ",66,10.7,"MB",19.4,23,14,6.551,2.949190596,68.98,"caught",1,"pm1",0,2.04724409448819,2.65486725663717,2.33333333333333,5.0635263512415
"146",2023-02-23 14:50:00,"ATR5147","3B0018DAC6",2023-02-23 14:54:36,8.5,18697976,18700522,18700623,18700449,18700534,18700636,85,102,3.05882352941176,2.94117647058824,2.99465240641711,-1.25825731362063,73,89,174,3.67058823529412,3.82352941176471,"B","bluti","5","M","13/10/2022  14:29:59","WYT","ROUGH ",63,11.2,"AER",19.5,23,14,6.488,3.240591778,68.43,"caught",1,"pm1",0,3.05882352941176,2.94117647058824,2.99465240641711,-1.25825731362054
"147",2023-02-23 14:50:00,"ATR5147","3B0018DAC6",2023-02-23 14:53:41,8.8,18642180,18644039,18644132,18643968,18644051,18644139,83,88,3.13253012048193,3.40909090909091,3.27485380116959,3.2346291065378,71,81,164,3.75903614457831,2.38636363636364,"B","bluti","5","M","13/10/2022  14:29:59","WYT","ROUGH ",63,11.2,"AER",19.5,23,14,6.488,3.240591778,68.43,"caught",1,"pm1",0,3.13253012048193,3.40909090909091,3.27485380116959,3.23462910653778
"148",2023-02-23 15:00:00,"AJY3812","3B00186F83",2023-02-23 14:55:53,8.5,18774129,18775547,18775656,18775439,18775564,18775682,125,118,2.08,2.54237288135593,2.30452674897119,3.80553811815582,108,92,217,3.536,6.61016949152542,"B","bluti","5","M","22/02/2023 10:19","WYT","ELDER ",66,10.7,"MB",19.4,23,14,6.394,2.959998568,68.6,"caught",1,"pm1",0,2.08,2.54237288135593,2.30452674897119,3.8055381181558
"149",2023-02-23 15:00:00,"ATR5147","3B0018DAC6",2023-02-23 14:55:28,8.5,18749133,18750069,18750170,18749993,18750088,18750192,95,104,2.73684210526316,2.88461538461538,2.81407035175879,1.48515858645454,76,82,177,5.2,6.34615384615385,"B","bluti","5","M","13/10/2022  14:29:59","WYT","ROUGH ",63,11.2,"AER",19.5,23,14,6.394,2.959998568,68.6,"caught",1,"pm1",0,2.73684210526316,2.88461538461538,2.81407035175879,1.48515858645447
"150",2023-02-23 15:00:00,"ATR7361","3B00182E75",2023-02-23 15:04:35,8.5,19295758,19297732,19297847,19297625,19297751,19297861,126,110,2.06349206349206,2.72727272727273,2.3728813559322,5.625259862548,107,96,222,3.92063492063492,3.81818181818182,"B","bluti","6","F","22/02/2023 09:00","WYT","ELDER ",61,10.8,"KMH",19.3,23,15,6.394,2.959998568,68.6,"caught",1,"pm2",0,2.06349206349206,2.72727272727273,2.3728813559322,5.62525986254805
"151",2023-02-23 15:10:00,"AJY3812","3B00186F83",2023-02-23 15:10:14,8.5,19635202,19638231,19638342,19638139,19638243,19638360,104,117,2.5,2.56410256410256,2.53393665158371,0.58011370228565,92,99,203,3,4.61538461538462,"B","bluti","5","M","22/02/2023 10:19","WYT","ELDER ",66,10.7,"MB",19.4,23,15,6.48,2.812915487,67.44,"caught",1,"pm2",0,2.5,2.56410256410256,2.53393665158371,0.58011370228561
"152",2023-02-23 15:10:00,"ATR8825","01103FB3A6",2023-02-23 15:11:03,8.5,19684230,19685530,19685634,19685446,19685554,19685648,108,94,2.40740740740741,3.19148936170213,2.77227722772277,7.76318766628436,84,80,188,5.77777777777778,4.46808510638298,"B","bluti","5","F","22/02/2023 09:00","WYT","ELDER ",61,10.8,"KMH",18.6,23,15,6.48,2.812915487,67.44,"caught",1,"pm2",0,2.40740740740741,3.19148936170213,2.77227722772277,7.76318766628435
"153",2023-02-23 15:10:00,"ATR8825","01103FB3A6",2023-02-23 15:08:08,8.5,19508776,19511555,19511656,19511470,19511562,19511671,92,109,2.82608695652174,2.75229357798165,2.78606965174129,-0.734262473035701,85,94,186,1.97826086956522,4.12844036697248,"B","bluti","5","F","22/02/2023 09:00","WYT","ELDER ",61,10.8,"KMH",18.6,23,15,6.48,2.812915487,67.44,"caught",1,"pm2",0,2.82608695652174,2.75229357798165,2.78606965174129,-0.734262473035723
"154",2023-02-23 15:30:00,"ATR8825","01103FB3A6",2023-02-23 15:34:30,8.5,21090107,21093015,21093116,21092933,21093023,21093131,90,108,2.88888888888889,2.77777777777778,2.82828282828283,-1.12233445566779,82,93,183,2.31111111111111,4.16666666666667,"B","bluti","5","F","22/02/2023 09:00","WYT","ELDER ",61,10.8,"KMH",18.6,23,15,6.553,2.542095526,67.4,"caught",1,"pm2",0,2.88888888888889,2.77777777777778,2.82828282828283,-1.12233445566778
"155",2023-02-23 15:30:00,"ATR5147","3B0018DAC6",2023-02-23 15:29:27,8.5,20787468,20790066,20790165,20789992,20790076,20790177,84,101,3.0952380952381,2.97029702970297,3.02702702702703,-1.35071422200135,74,89,173,3.0952380952381,3.56435643564356,"B","bluti","5","M","13/10/2022  14:29:59","WYT","ROUGH ",63,11.2,"AER",19.5,23,15,6.553,2.542095526,67.4,"caught",1,"pm2",0,3.0952380952381,2.97029702970297,3.02702702702703,-1.3507142220014
"156",2023-02-23 15:40:00,"ATR8825","01103FB3A6",2023-02-23 15:41:47,8.5,21526115,21527190,21527291,21527099,21527195,21527304,96,109,2.70833333333333,2.75229357798165,2.73170731707317,0.428880435593345,91,96,192,1.35416666666667,3.57798165137615,"B","bluti","5","F","22/02/2023 09:00","WYT","ELDER ",61,10.8,"KMH",18.6,23,15,6.529,2.789856717,67.45,"caught",1,"pm2",0,2.70833333333333,2.75229357798165,2.73170731707317,0.428880435593366
"157",2023-02-23 15:50:00,"AJY3812","3B00186F83",2023-02-23 15:46:10,8.5,21789675,21791515,21791623,21791416,21791532,21791638,116,106,2.24137931034483,2.83018867924528,2.52252252252252,5.30458890901311,99,91,207,3.81034482758621,4.24528301886792,"B","bluti","5","M","22/02/2023 10:19","WYT","ELDER ",66,10.7,"MB",19.4,23,15,6.4575,2.903754186,66.16,"caught",1,"pm2",0,2.24137931034483,2.83018867924528,2.52252252252252,5.30458890901306
"158",2023-02-23 15:50:00,"ATR5147","3B0018DAC6",2023-02-23 15:53:00,8.3,22198861,22200238,22200330,22200161,22200252,22200343,91,91,2.85714285714286,3.2967032967033,3.07692307692308,4.83033450066417,77,78,169,4,4.28571428571429,"B","bluti","5","M","13/10/2022  14:29:59","WYT","ROUGH ",63,11.2,"AER",19.5,23,15,6.4575,2.903754186,66.16,"caught",1,"pm2",0,2.85714285714286,3.2967032967033,3.07692307692308,4.83033450066418
"159",2023-02-23 15:50:00,"ATR5147","3B0018DAC6",2023-02-23 15:48:58,8.5,21956922,21960178,21960278,21960098,21960194,21960297,96,103,2.70833333333333,2.9126213592233,2.81407035175879,2.05314598884389,80,84,180,4.33333333333333,5.53398058252427,"B","bluti","5","M","13/10/2022  14:29:59","WYT","ROUGH ",63,11.2,"AER",19.5,23,15,6.4575,2.903754186,66.16,"caught",1,"pm2",0,2.70833333333333,2.9126213592233,2.81407035175879,2.05314598884392
"160",2023-02-23 15:50:00,"ATR5147","3B0018DAC6",2023-02-23 15:46:22,8.5,21801764,21803339,21803430,21803267,21803355,21803443,88,88,2.95454545454545,3.40909090909091,3.18181818181818,5.16528925619835,72,75,163,4.72727272727273,4.43181818181818,"B","bluti","5","M","13/10/2022  14:29:59","WYT","ROUGH ",63,11.2,"AER",19.5,23,15,6.4575,2.903754186,66.16,"caught",1,"pm2",0,2.95454545454545,3.40909090909091,3.18181818181818,5.16528925619841
"161",2023-02-23 15:50:00,"ATR8819","01103FAE81",2023-02-23 15:48:53,8.5,21952440,21953668,21953769,21953569,21953674,21953789,105,115,2.47619047619048,2.60869565217391,2.54545454545455,1.20459250894033,99,95,200,1.48571428571429,5.21739130434783,"B","bluti","5","F","22/02/2023 09:20","WYT","ELDER ",60,10.5,"MB",18.6,23,15,6.4575,2.903754186,66.16,"caught",1,"pm2",0,2.47619047619048,2.60869565217391,2.54545454545455,1.20459250894027
"162",2023-02-23 15:50:00,"ATR5147","3B0018DAC6",2023-02-23 15:50:19,8.3,22038262,22040227,22040318,22040144,22040242,22040344,98,102,2.6530612244898,2.94117647058824,2.8,2.8811524609844,83,76,174,3.97959183673469,7.64705882352941,"B","bluti","5","M","13/10/2022  14:29:59","WYT","ROUGH ",63,11.2,"AER",19.5,23,15,6.4575,2.903754186,66.16,"caught",1,"pm2",0,2.6530612244898,2.94117647058824,2.8,2.8811524609844
"163",2023-02-23 15:50:00,"ATR5147","3B0018DAC6",2023-02-23 15:47:21,8.5,21860296,21862276,21862372,21862203,21862290,21862387,87,97,2.98850574712644,3.09278350515464,3.04347826086957,1.1334538916109,73,82,169,4.18390804597701,4.63917525773196,"B","bluti","5","M","13/10/2022  14:29:59","WYT","ROUGH ",63,11.2,"AER",19.5,23,15,6.4575,2.903754186,66.16,"caught",1,"pm2",0,2.98850574712644,3.09278350515464,3.04347826086957,1.13345389161087
"164",2023-02-23 16:00:00,"ATR8825","01103FB3A6",2023-02-23 15:58:30,8.3,22528427,22531343,22531446,22531258,22531354,22531461,96,107,2.70833333333333,2.80373831775701,2.75862068965517,0.939950585454933,85,92,188,2.97916666666667,4.20560747663551,"B","bluti","5","F","22/02/2023 09:00","WYT","ELDER ",61,10.8,"KMH",18.6,23,15,6.386,3.017651655,64.87,"caught",1,"pm2",0,2.70833333333333,2.80373831775701,2.75862068965517,0.939950585454977
"165",2023-02-23 16:30:00,"ATR5147","3B0018DAC6",2023-02-23 16:32:32,8.3,24569762,24571507,24571606,24571436,24571520,24571618,84,98,3.0952380952381,3.06122448979592,3.07692307692308,-0.373775883979968,71,86,170,4.02380952380952,3.6734693877551,"B","bluti","5","M","13/10/2022  14:29:59","WYT","ROUGH ",63,11.2,"AER",19.5,23,16,6.505,2.931187595,60.85,"caught",1,"pm2",0,3.0952380952381,3.06122448979592,3.07692307692308,-0.373775883979998
"166",2023-02-23 16:40:00,"ATR5147","3B0018DAC6",2023-02-23 16:38:05,8.3,24902008,24903410,24903518,24903324,24903427,24903523,103,96,2.52427184466019,3.125,2.81407035175879,6.03746889788749,86,91,194,4.29126213592233,1.5625,"B","bluti","5","M","13/10/2022  14:29:59","WYT","ROUGH ",63,11.2,"AER",19.5,23,16,6.503,2.576231442,62.4,"caught",1,"pm2",0,2.52427184466019,3.125,2.81407035175879,6.03746889788754
"167",2023-02-23 16:40:00,"ATR8819","01103FAE81",2023-02-23 16:35:55,8.3,24772771,24773702,24773812,24773592,24773713,24773821,121,108,2.14876033057851,2.77777777777778,2.44541484716157,5.49360215894555,110,99,220,2.36363636363636,2.5,"B","bluti","5","F","22/02/2023 09:20","WYT","ELDER ",60,10.5,"MB",18.6,23,16,6.503,2.576231442,62.4,"caught",1,"pm2",0,2.14876033057851,2.77777777777778,2.44541484716157,5.49360215894559
"168",2023-02-23 16:40:00,"ATR5147","3B0018DAC6",2023-02-23 16:36:45,8.3,24822291,24825577,24825674,24825486,24825593,24825689,107,96,2.42990654205607,3.125,2.75862068965517,6.84821140831454,91,81,188,3.88785046728972,4.6875,"B","bluti","5","M","13/10/2022  14:29:59","WYT","ROUGH ",63,11.2,"AER",19.5,23,16,6.503,2.576231442,62.4,"caught",1,"pm2",0,2.42990654205607,3.125,2.75862068965517,6.84821140831458
"169",2023-02-23 17:00:00,"AJY3812","3B00186F83",2023-02-23 16:59:21,7.8,26177002,26179739,26179854,26179661,26179747,26179872,86,125,3.02325581395349,2.4,2.65402843601896,-5.9076380469525,78,107,193,2.41860465116279,4.32,"B","bluti","5","M","22/02/2023 10:19","WYT","ELDER ",66,10.7,"MB",19.4,23,16,6.341,2.799757673,61.24,"caught",1,"pm2",0,3.02325581395349,2.4,2.65402843601896,-5.90763804695251
"170",2023-02-23 17:00:00,"ATR8819","01103FAE81",2023-02-23 17:01:45,7.8,26320775,26321902,26322019,26321820,26321914,26322026,94,112,2.76595744680851,2.67857142857143,2.71844660194175,-0.848407944049344,82,105,199,3.31914893617021,1.875,"B","bluti","5","F","22/02/2023 09:20","WYT","ELDER ",60,10.5,"MB",18.6,23,17,6.341,2.799757673,61.24,"caught",1,"pm2",0,2.76595744680851,2.67857142857143,2.71844660194175,-0.848407944049319
"171",2023-02-23 17:00:00,"AJY3812","3B00186F83",2023-02-23 17:01:47,7.8,26322807,26325779,26325898,26325684,26325794,26325908,110,114,2.36363636363636,2.63157894736842,2.5,2.39234449760766,95,104,214,3.54545454545455,2.63157894736842,"B","bluti","5","M","22/02/2023 10:19","WYT","ELDER ",66,10.7,"MB",19.4,23,17,6.341,2.799757673,61.24,"caught",1,"pm2",0,2.36363636363636,2.63157894736842,2.5,2.39234449760768
"172",2023-02-23 17:00:00,"AJY3812","3B00186F83",2023-02-23 16:58:58,7.8,26154131,26155417,26155543,26155287,26155438,26155560,151,122,1.72185430463576,2.45901639344262,2.05128205128205,5.40045486305393,130,105,256,3.6158940397351,4.18032786885246,"B","bluti","5","M","22/02/2023 10:19","WYT","ELDER ",66,10.7,"MB",19.4,23,16,6.341,2.799757673,61.24,"caught",1,"pm2",0,1.72185430463576,2.45901639344262,2.05128205128205,5.40045486305392
"173",2023-02-23 17:00:00,"ATR8819","01103FAE81",2023-02-23 16:57:07,8,26042932,26044079,26044184,26043986,26044094,26044196,108,102,2.40740740740741,2.94117647058824,2.66666666666667,5.08351488743646,93,90,198,3.61111111111111,3.52941176470588,"B","bluti","5","F","22/02/2023 09:20","WYT","ELDER ",60,10.5,"MB",18.6,23,16,6.341,2.799757673,61.24,"caught",1,"pm2",0,2.40740740740741,2.94117647058824,2.66666666666667,5.08351488743647
"174",2023-02-23 17:10:00,"AJY3812","3B00186F83",2023-02-23 17:06:32,7.5,26607909,26610357,26610475,26610247,26610375,26610480,128,105,2.03125,2.85714285714286,2.40343347639485,7.08920907418762,110,100,228,3.65625,1.42857142857143,"B","bluti","5","M","22/02/2023 10:19","WYT","ELDER ",66,10.7,"MB",19.4,23,17,6.144,2.455969953,61.31,"caught",1,"pm2",0,2.03125,2.85714285714286,2.40343347639485,7.08920907418764
"175",2023-02-23 10:40:00,"AJY3285","01103FA366",2023-02-23 10:41:14,10.3,3543117,3546478,3546578,3546368,3546488,3546593,120,105,2.16666666666667,2.85714285714286,2.48888888888889,6.13756613756614,110,90,210,2.16666666666667,4.28571428571429,"A","bluti","5","M","23/02/2023 08:49","WYT","ELDER ",64,11.8,"ADA",19.9,23,10,5.394,4.834417576,78.12,"caught",0,"am1",0,2.16666666666667,2.85714285714286,2.48888888888889,6.13756613756613
"176",2023-02-23 11:10:00,"AJY3285","01103FA366",2023-02-23 11:09:56,10.8,5264287,5268245,5268350,5268150,5268258,5268370,108,112,2.40740740740741,2.67857142857143,2.54545454545455,2.46512746512746,95,92,200,3.12962962962963,5.35714285714286,"A","bluti","5","M","23/02/2023 08:49","WYT","ELDER ",64,11.8,"ADA",19.9,23,11,5.646,4.070478561,77.5,"caught",0,"am1",0,2.40740740740741,2.67857142857143,2.54545454545455,2.46512746512745
"177",2023-02-23 11:20:00,"AJY3285","01103FA366",2023-02-23 11:24:31,11,6138854,6140677,6140779,6140584,6140708,6140795,124,87,2.09677419354839,3.44827586206897,2.65402843601896,12.8104423556453,93,71,195,6.5,5.51724137931034,"A","bluti","5","M","23/02/2023 08:49","WYT","ELDER ",64,11.8,"ADA",19.9,23,11,5.557,4.75098606,77.18,"caught",0,"am1",0,2.09677419354839,3.44827586206897,2.65402843601896,12.8104423556453
"178",2023-02-23 11:40:00,"AJY3285","01103FA366",2023-02-23 11:40:52,11.3,7119670,7122034,7122141,7121938,7122052,7122157,114,105,2.28070175438596,2.85714285714286,2.55707762557078,5.26430230828212,96,89,203,4.10526315789474,4.57142857142857,"A","bluti","5","M","23/02/2023 08:49","WYT","ELDER ",64,11.8,"ADA",19.9,23,11,5.998,3.571530617,74.61,"caught",0,"am1",0,2.28070175438596,2.85714285714286,2.55707762557078,5.26430230828219
"179",2023-02-23 11:40:00,"AJY3285","01103FA366",2023-02-23 11:35:51,11,6818579,6821136,6821227,6821028,6821143,6821243,115,100,2.26086956521739,3,2.6046511627907,6.87563195146613,108,84,199,1.58260869565217,4.8,"A","bluti","5","M","23/02/2023 08:49","WYT","ELDER ",64,11.8,"ADA",19.9,23,11,5.998,3.571530617,74.61,"caught",0,"am1",0,2.26086956521739,3,2.6046511627907,6.87563195146614
"180",2023-02-23 12:20:00,"AJY3285","01103FA366",2023-02-23 12:20:48,12.5,9514999,9516504,9516603,9516421,9516511,9516616,90,105,2.88888888888889,2.85714285714286,2.87179487179487,-0.325600325600324,83,92,182,2.02222222222222,3.71428571428571,"A","bluti","5","M","23/02/2023 08:49","WYT","ELDER ",64,11.8,"ADA",19.9,23,12,6.203,4.669127182,71.6625,"caught",0,"pm1",0,2.88888888888889,2.85714285714286,2.87179487179487,-0.325600325600311
"181",2023-02-23 13:20:00,"AJY3285","01103FA366",2023-02-23 13:21:37,12.3,13162936,13165601,13165691,13165528,13165615,13165717,87,102,2.98850574712644,2.94117647058824,2.96296296296296,-0.50083890516615,73,76,163,4.18390804597701,7.64705882352941,"A","bluti","5","M","23/02/2023 08:49","WYT","ELDER ",64,11.8,"ADA",19.9,23,13,6.395,3.823731588,70.55,"caught",0,"pm1",0,2.98850574712644,2.94117647058824,2.96296296296296,-0.500838905166136
"182",2023-02-23 14:00:00,"AJY3285","01103FA366",2023-02-23 13:59:56,12.3,15461343,15463673,15463783,15463602,15463691,15463812,89,121,2.92134831460674,2.47933884297521,2.66666666666667,-4.20961401553843,71,92,181,5.25842696629214,7.1900826446281,"A","bluti","5","M","23/02/2023 08:49","WYT","ELDER ",64,11.8,"ADA",19.9,23,13,6.57,2.859983199,69.66,"caught",0,"pm1",0,2.92134831460674,2.47933884297521,2.66666666666667,-4.20961401553838
"183",2023-02-23 14:00:00,"AJY3285","01103FA366",2023-02-23 13:57:16,12.3,15301218,15303571,15303677,15303480,15303585,15303706,105,121,2.47619047619048,2.47933884297521,2.47787610619469,0.027861652962217,91,92,197,3.46666666666667,7.1900826446281,"A","bluti","5","M","23/02/2023 08:49","WYT","ELDER ",64,11.8,"ADA",19.9,23,13,6.57,2.859983199,69.66,"caught",0,"pm1",0,2.47619047619048,2.47933884297521,2.47787610619469,0.027861652962213
"184",2023-02-23 14:30:00,"AJY3285","01103FA366",2023-02-23 14:27:31,11.8,17115658,17117693,17117793,17117593,17117703,17117824,110,121,2.36363636363636,2.47933884297521,2.42424242424242,1.00175306786877,100,90,200,2.36363636363636,7.68595041322314,"A","bluti","5","M","23/02/2023 08:49","WYT","ELDER ",64,11.8,"ADA",19.9,23,14,6.455,2.995651101,69.25,"caught",0,"pm1",0,2.36363636363636,2.47933884297521,2.42424242424242,1.00175306786883
"185",2023-02-24 15:10:00,"AJY3285","01103FA366",2023-02-24 15:14:52,12.8,77252634,77254878,77254978,77254812,77254893,77254995,81,102,3.20987654320988,2.94117647058824,3.06010928961749,-2.93661281553706,66,85,166,4.81481481481481,5,"A","bluti","5","M","23/02/2023 08:49","WYT","ELDER ",64,11.8,"ADA",19.9,24,15,8.39,3.092522337,73.14,"caught",1,"pm2",0,3.20987654320988,2.94117647058824,3.06010928961749,-2.93661281553705
"186",2023-02-24 15:30:00,"AJY3285","01103FA366",2023-02-24 15:34:05,12.8,78405997,78407405,78407498,78407351,78407422,78407513,71,91,3.66197183098592,3.2967032967033,3.45679012345679,-4.5094880775632,54,76,147,6.22535211267606,4.94505494505494,"A","bluti","5","M","23/02/2023 08:49","WYT","ELDER ",64,11.8,"ADA",19.9,24,15,8.72,2.587651715,68.48,"caught",1,"pm2",0,3.66197183098592,3.2967032967033,3.45679012345679,-4.50948807756321
"187",2023-02-24 15:50:00,"AJY3285","01103FA366",2023-02-24 15:53:21,12.5,79561609,79562995,79563085,79562939,79563012,79563110,73,98,3.56164383561644,3.06122448979592,3.27485380116959,-5.85285784585404,56,73,146,6.05479452054795,7.65306122448979,"A","bluti","5","M","23/02/2023 08:49","WYT","ELDER ",64,11.8,"ADA",19.9,24,15,8.6,1.98560246,68.84,"caught",1,"pm2",0,3.56164383561644,3.06122448979592,3.27485380116959,-5.85285784585404
"188",2023-02-24 15:50:00,"AJY3285","01103FA366",2023-02-24 15:53:20,12.5,79560574,79560725,79560838,79560642,79560741,79560860,99,119,2.62626262626263,2.52100840336134,2.56880733944954,-0.965635072488824,83,97,196,4.2020202020202,5.54621848739496,"A","bluti","5","M","23/02/2023 08:49","WYT","ELDER ",64,11.8,"ADA",19.9,24,15,8.6,1.98560246,68.84,"caught",1,"pm2",0,2.62626262626263,2.52100840336134,2.56880733944954,-0.965635072488898
"189",2023-02-24 16:10:00,"AJY3285","01103FA366",2023-02-24 16:13:22,12.8,80762218,80764947,80765065,80764836,80764962,80765086,126,124,2.06349206349206,2.41935483870968,2.24,2.84690220174091,111,103,229,3.0952380952381,5.08064516129032,"A","bluti","5","M","23/02/2023 08:49","WYT","ELDER ",64,11.8,"ADA",19.9,24,16,8.74,3.234263332,58.94,"caught",1,"pm2",0,2.06349206349206,2.41935483870968,2.24,2.84690220174096
